Fichier CSV,Taille (bytes),Generateur,Comparateur 1,Comparateur 2,Selectionneur,Temps ms,Candidats generes,Resultats finaux
peps_names_1k.csv,41922,InvertedIndex,ExacteNom,OrdrePositionnel,TopK,134,19,19
peps_names_1k.csv,41922,InvertedIndex,ExacteNom,OrdrePositionnel,SelectionAvancee,21,19,15
peps_names_1k.csv,41922,InvertedIndex,ExacteNom,MeilleurePaire,TopK,13,19,19
peps_names_1k.csv,41922,InvertedIndex,ExacteNom,MeilleurePaire,SelectionAvancee,15,19,19
peps_names_1k.csv,41922,InvertedIndex,OrdrePositionnel,MeilleurePaire,TopK,18,19,19
peps_names_1k.csv,41922,InvertedIndex,OrdrePositionnel,MeilleurePaire,SelectionAvancee,20,19,19
peps_names_1k.csv,41922,Arbre,ExacteNom,OrdrePositionnel,TopK,99,0,0
peps_names_1k.csv,41922,Arbre,ExacteNom,OrdrePositionnel,SelectionAvancee,58,0,0
peps_names_1k.csv,41922,Arbre,ExacteNom,MeilleurePaire,TopK,51,0,0
peps_names_1k.csv,41922,Arbre,ExacteNom,MeilleurePaire,SelectionAvancee,46,0,0
peps_names_1k.csv,41922,Arbre,OrdrePositionnel,MeilleurePaire,TopK,43,0,0
peps_names_1k.csv,41922,Arbre,OrdrePositionnel,MeilleurePaire,SelectionAvancee,38,0,0
peps_names_1k.csv,41922,LinkedHashSet,ExacteNom,OrdrePositionnel,TopK,17,19,19
peps_names_1k.csv,41922,LinkedHashSet,ExacteNom,OrdrePositionnel,SelectionAvancee,14,19,15
peps_names_1k.csv,41922,LinkedHashSet,ExacteNom,MeilleurePaire,TopK,12,19,19
peps_names_1k.csv,41922,LinkedHashSet,ExacteNom,MeilleurePaire,SelectionAvancee,15,19,19
peps_names_1k.csv,41922,LinkedHashSet,OrdrePositionnel,MeilleurePaire,TopK,12,19,19
peps_names_1k.csv,41922,LinkedHashSet,OrdrePositionnel,MeilleurePaire,SelectionAvancee,6,19,19
peps_names_1k.csv,41922,Soundex,ExacteNom,OrdrePositionnel,TopK,14,41,41
peps_names_1k.csv,41922,Soundex,ExacteNom,OrdrePositionnel,SelectionAvancee,8,41,21
peps_names_1k.csv,41922,Soundex,ExacteNom,MeilleurePaire,TopK,5,41,41
peps_names_1k.csv,41922,Soundex,ExacteNom,MeilleurePaire,SelectionAvancee,7,41,40
peps_names_1k.csv,41922,Soundex,OrdrePositionnel,MeilleurePaire,TopK,5,41,41
peps_names_1k.csv,41922,Soundex,OrdrePositionnel,MeilleurePaire,SelectionAvancee,7,41,41
peps_names_512k.csv,22774358,InvertedIndex,ExacteNom,OrdrePositionnel,TopK,3622,3118,60
peps_names_512k.csv,22774358,InvertedIndex,ExacteNom,OrdrePositionnel,SelectionAvancee,3028,3118,3067
peps_names_512k.csv,22774358,InvertedIndex,ExacteNom,MeilleurePaire,TopK,3030,3118,60
peps_names_512k.csv,22774358,InvertedIndex,ExacteNom,MeilleurePaire,SelectionAvancee,3425,3118,3118
peps_names_512k.csv,22774358,InvertedIndex,OrdrePositionnel,MeilleurePaire,TopK,3305,3118,60
peps_names_512k.csv,22774358,InvertedIndex,OrdrePositionnel,MeilleurePaire,SelectionAvancee,3587,3118,3118
peps_names_512k.csv,22774358,Arbre,ExacteNom,OrdrePositionnel,TopK,68995,9,9
peps_names_512k.csv,22774358,Arbre,ExacteNom,OrdrePositionnel,SelectionAvancee,71836,9,9
peps_names_512k.csv,22774358,Arbre,ExacteNom,MeilleurePaire,TopK,155152,9,9
peps_names_512k.csv,22774358,Arbre,ExacteNom,MeilleurePaire,SelectionAvancee,90379,9,9
peps_names_512k.csv,22774358,Arbre,OrdrePositionnel,MeilleurePaire,TopK,113328,9,9
peps_names_512k.csv,22774358,Arbre,OrdrePositionnel,MeilleurePaire,SelectionAvancee,74532,9,9
peps_names_512k.csv,22774358,LinkedHashSet,ExacteNom,OrdrePositionnel,TopK,4246,3049,60
peps_names_512k.csv,22774358,LinkedHashSet,ExacteNom,OrdrePositionnel,SelectionAvancee,5604,3049,2998
peps_names_512k.csv,22774358,LinkedHashSet,ExacteNom,MeilleurePaire,TopK,7430,3049,60
peps_names_512k.csv,22774358,LinkedHashSet,ExacteNom,MeilleurePaire,SelectionAvancee,7295,3049,3049
peps_names_512k.csv,22774358,LinkedHashSet,OrdrePositionnel,MeilleurePaire,TopK,7152,3049,60
peps_names_512k.csv,22774358,LinkedHashSet,OrdrePositionnel,MeilleurePaire,SelectionAvancee,7317,3049,3049
peps_names_512k.csv,22774358,Soundex,ExacteNom,OrdrePositionnel,TopK,2955,13570,60
peps_names_512k.csv,22774358,Soundex,ExacteNom,OrdrePositionnel,SelectionAvancee,3063,13570,10779
peps_names_512k.csv,22774358,Soundex,ExacteNom,MeilleurePaire,TopK,2820,13570,60
peps_names_512k.csv,22774358,Soundex,ExacteNom,MeilleurePaire,SelectionAvancee,2685,13570,13519
peps_names_512k.csv,22774358,Soundex,OrdrePositionnel,MeilleurePaire,TopK,2523,13570,60
peps_names_512k.csv,22774358,Soundex,OrdrePositionnel,MeilleurePaire,SelectionAvancee,3348,13570,13559
peps_names_64k.csv,1860774,InvertedIndex,ExacteNom,OrdrePositionnel,TopK,720,928,30
peps_names_64k.csv,1860774,InvertedIndex,ExacteNom,OrdrePositionnel,SelectionAvancee,477,928,463
peps_names_64k.csv,1860774,InvertedIndex,ExacteNom,MeilleurePaire,TopK,767,928,30
peps_names_64k.csv,1860774,InvertedIndex,ExacteNom,MeilleurePaire,SelectionAvancee,786,928,928
peps_names_64k.csv,1860774,InvertedIndex,OrdrePositionnel,MeilleurePaire,TopK,673,928,30
peps_names_64k.csv,1860774,InvertedIndex,OrdrePositionnel,MeilleurePaire,SelectionAvancee,425,928,919
peps_names_64k.csv,1860774,Arbre,ExacteNom,OrdrePositionnel,TopK,13518,5,5
peps_names_64k.csv,1860774,Arbre,ExacteNom,OrdrePositionnel,SelectionAvancee,14569,5,5
peps_names_64k.csv,1860774,Arbre,ExacteNom,MeilleurePaire,TopK,5177,5,5
peps_names_64k.csv,1860774,Arbre,ExacteNom,MeilleurePaire,SelectionAvancee,5746,5,5
peps_names_64k.csv,1860774,Arbre,OrdrePositionnel,MeilleurePaire,TopK,5770,5,5
peps_names_64k.csv,1860774,Arbre,OrdrePositionnel,MeilleurePaire,SelectionAvancee,5994,5,5
peps_names_64k.csv,1860774,LinkedHashSet,ExacteNom,OrdrePositionnel,TopK,404,924,30
peps_names_64k.csv,1860774,LinkedHashSet,ExacteNom,OrdrePositionnel,SelectionAvancee,467,924,461
peps_names_64k.csv,1860774,LinkedHashSet,ExacteNom,MeilleurePaire,TopK,458,924,30
peps_names_64k.csv,1860774,LinkedHashSet,ExacteNom,MeilleurePaire,SelectionAvancee,474,924,924
peps_names_64k.csv,1860774,LinkedHashSet,OrdrePositionnel,MeilleurePaire,TopK,362,924,30
peps_names_64k.csv,1860774,LinkedHashSet,OrdrePositionnel,MeilleurePaire,SelectionAvancee,477,924,915
peps_names_64k.csv,1860774,Soundex,ExacteNom,OrdrePositionnel,TopK,115,2307,30
peps_names_64k.csv,1860774,Soundex,ExacteNom,OrdrePositionnel,SelectionAvancee,140,2307,469
peps_names_64k.csv,1860774,Soundex,ExacteNom,MeilleurePaire,TopK,137,2307,30
peps_names_64k.csv,1860774,Soundex,ExacteNom,MeilleurePaire,SelectionAvancee,118,2307,979
peps_names_64k.csv,1860774,Soundex,OrdrePositionnel,MeilleurePaire,TopK,110,2307,30
peps_names_64k.csv,1860774,Soundex,OrdrePositionnel,MeilleurePaire,SelectionAvancee,114,2307,2205
peps_names_64k.csv,1860774,InvertedIndex,ExacteNom,OrdrePositionnel,TopK,219,708,30
peps_names_64k.csv,1860774,InvertedIndex,ExacteNom,OrdrePositionnel,SelectionAvancee,235,708,612
peps_names_64k.csv,1860774,InvertedIndex,ExacteNom,MeilleurePaire,TopK,215,708,30
peps_names_64k.csv,1860774,InvertedIndex,ExacteNom,MeilleurePaire,SelectionAvancee,301,708,708
peps_names_64k.csv,1860774,InvertedIndex,OrdrePositionnel,MeilleurePaire,TopK,281,708,30
peps_names_64k.csv,1860774,InvertedIndex,OrdrePositionnel,MeilleurePaire,SelectionAvancee,216,708,708
peps_names_64k.csv,1860774,Arbre,ExacteNom,OrdrePositionnel,TopK,5916,2,2
peps_names_64k.csv,1860774,Arbre,ExacteNom,OrdrePositionnel,SelectionAvancee,5080,2,2
peps_names_64k.csv,1860774,Arbre,ExacteNom,MeilleurePaire,TopK,5612,2,2
peps_names_64k.csv,1860774,Arbre,ExacteNom,MeilleurePaire,SelectionAvancee,5353,2,2
peps_names_64k.csv,1860774,Arbre,OrdrePositionnel,MeilleurePaire,TopK,5002,2,2
peps_names_64k.csv,1860774,Arbre,OrdrePositionnel,MeilleurePaire,SelectionAvancee,5853,2,2
peps_names_64k.csv,1860774,LinkedHashSet,ExacteNom,OrdrePositionnel,TopK,478,704,30
peps_names_64k.csv,1860774,LinkedHashSet,ExacteNom,OrdrePositionnel,SelectionAvancee,449,704,608
peps_names_64k.csv,1860774,LinkedHashSet,ExacteNom,MeilleurePaire,TopK,576,704,30
peps_names_64k.csv,1860774,LinkedHashSet,ExacteNom,MeilleurePaire,SelectionAvancee,416,704,704
peps_names_64k.csv,1860774,LinkedHashSet,OrdrePositionnel,MeilleurePaire,TopK,404,704,30
peps_names_64k.csv,1860774,LinkedHashSet,OrdrePositionnel,MeilleurePaire,SelectionAvancee,563,704,704
peps_names_64k.csv,1860774,Soundex,ExacteNom,OrdrePositionnel,TopK,160,2707,30
peps_names_64k.csv,1860774,Soundex,ExacteNom,OrdrePositionnel,SelectionAvancee,122,2707,939
peps_names_64k.csv,1860774,Soundex,ExacteNom,MeilleurePaire,TopK,210,2707,30
peps_names_64k.csv,1860774,Soundex,ExacteNom,MeilleurePaire,SelectionAvancee,384,2707,2444
peps_names_64k.csv,1860774,Soundex,OrdrePositionnel,MeilleurePaire,TopK,182,2707,30
peps_names_64k.csv,1860774,Soundex,OrdrePositionnel,MeilleurePaire,SelectionAvancee,197,2707,2692
peps_names_658k.csv,31907113,InvertedIndex,ExacteNom,OrdrePositionnel,TopK,3871,5522,30
peps_names_658k.csv,31907113,InvertedIndex,ExacteNom,OrdrePositionnel,SelectionAvancee,4924,5522,1708
peps_names_658k.csv,31907113,InvertedIndex,ExacteNom,MeilleurePaire,TopK,5380,5522,30
peps_names_658k.csv,31907113,InvertedIndex,ExacteNom,MeilleurePaire,SelectionAvancee,5629,5522,5371
peps_names_658k.csv,31907113,InvertedIndex,OrdrePositionnel,MeilleurePaire,TopK,4324,5522,30
peps_names_658k.csv,31907113,InvertedIndex,OrdrePositionnel,MeilleurePaire,SelectionAvancee,5325,5522,4980
peps_names_658k.csv,31907113,Arbre,ExacteNom,OrdrePositionnel,TopK,120348,20,10
peps_names_658k.csv,31907113,Arbre,ExacteNom,OrdrePositionnel,SelectionAvancee,119255,20,20
peps_names_658k.csv,31907113,Arbre,ExacteNom,MeilleurePaire,TopK,192214,20,10
peps_names_658k.csv,31907113,Arbre,ExacteNom,MeilleurePaire,SelectionAvancee,252548,20,20
peps_names_658k.csv,31907113,Arbre,OrdrePositionnel,MeilleurePaire,TopK,136770,20,10
peps_names_658k.csv,31907113,Arbre,OrdrePositionnel,MeilleurePaire,SelectionAvancee,105891,20,20
peps_names_658k.csv,31907113,LinkedHashSet,ExacteNom,OrdrePositionnel,TopK,4789,5084,30
peps_names_658k.csv,31907113,LinkedHashSet,ExacteNom,OrdrePositionnel,SelectionAvancee,4240,5084,1511
peps_names_658k.csv,31907113,LinkedHashSet,ExacteNom,MeilleurePaire,TopK,3756,5084,30
peps_names_658k.csv,31907113,LinkedHashSet,ExacteNom,MeilleurePaire,SelectionAvancee,3943,5084,4936
peps_names_658k.csv,31907113,LinkedHashSet,OrdrePositionnel,MeilleurePaire,TopK,4156,5084,30
peps_names_658k.csv,31907113,LinkedHashSet,OrdrePositionnel,MeilleurePaire,SelectionAvancee,3141,5084,4557
peps_names_658k.csv,31907113,Soundex,ExacteNom,OrdrePositionnel,TopK,2248,15341,30
peps_names_658k.csv,31907113,Soundex,ExacteNom,OrdrePositionnel,SelectionAvancee,1993,15341,1711
peps_names_658k.csv,31907113,Soundex,ExacteNom,MeilleurePaire,TopK,1966,15341,30
peps_names_658k.csv,31907113,Soundex,ExacteNom,MeilleurePaire,SelectionAvancee,2004,15341,5379
peps_names_658k.csv,31907113,Soundex,OrdrePositionnel,MeilleurePaire,TopK,2193,15341,30
peps_names_658k.csv,31907113,Soundex,OrdrePositionnel,MeilleurePaire,SelectionAvancee,2082,15341,12373
peps_names_2k.csv,72075,InvertedIndex,ExacteNom,OrdrePositionnel,TopK,111,20,20
peps_names_2k.csv,72075,InvertedIndex,ExacteNom,OrdrePositionnel,SelectionAvancee,29,20,17
peps_names_2k.csv,72075,InvertedIndex,ExacteNom,MeilleurePaire,TopK,20,20,20
peps_names_2k.csv,72075,InvertedIndex,ExacteNom,MeilleurePaire,SelectionAvancee,16,20,20
peps_names_2k.csv,72075,InvertedIndex,OrdrePositionnel,MeilleurePaire,TopK,13,20,20
peps_names_2k.csv,72075,InvertedIndex,OrdrePositionnel,MeilleurePaire,SelectionAvancee,10,20,20
peps_names_2k.csv,72075,Arbre,ExacteNom,OrdrePositionnel,TopK,150,0,0
peps_names_2k.csv,72075,Arbre,ExacteNom,OrdrePositionnel,SelectionAvancee,102,0,0
peps_names_2k.csv,72075,Arbre,ExacteNom,MeilleurePaire,TopK,92,0,0
peps_names_2k.csv,72075,Arbre,ExacteNom,MeilleurePaire,SelectionAvancee,80,0,0
peps_names_2k.csv,72075,Arbre,OrdrePositionnel,MeilleurePaire,TopK,82,0,0
peps_names_2k.csv,72075,Arbre,OrdrePositionnel,MeilleurePaire,SelectionAvancee,87,0,0
peps_names_2k.csv,72075,LinkedHashSet,ExacteNom,OrdrePositionnel,TopK,13,20,20
peps_names_2k.csv,72075,LinkedHashSet,ExacteNom,OrdrePositionnel,SelectionAvancee,10,20,17
peps_names_2k.csv,72075,LinkedHashSet,ExacteNom,MeilleurePaire,TopK,8,20,20
peps_names_2k.csv,72075,LinkedHashSet,ExacteNom,MeilleurePaire,SelectionAvancee,8,20,20
peps_names_2k.csv,72075,LinkedHashSet,OrdrePositionnel,MeilleurePaire,TopK,11,20,20
peps_names_2k.csv,72075,LinkedHashSet,OrdrePositionnel,MeilleurePaire,SelectionAvancee,7,20,20
peps_names_2k.csv,72075,Soundex,ExacteNom,OrdrePositionnel,TopK,26,120,29
peps_names_2k.csv,72075,Soundex,ExacteNom,OrdrePositionnel,SelectionAvancee,16,120,45
peps_names_2k.csv,72075,Soundex,ExacteNom,MeilleurePaire,TopK,12,120,29
peps_names_2k.csv,72075,Soundex,ExacteNom,MeilleurePaire,SelectionAvancee,11,120,91
peps_names_2k.csv,72075,Soundex,OrdrePositionnel,MeilleurePaire,TopK,6,120,29
peps_names_2k.csv,72075,Soundex,OrdrePositionnel,MeilleurePaire,SelectionAvancee,9,120,118
peps_names_64k.csv,1860774,InvertedIndex,ExacteNom,OrdrePositionnel,TopK,421,672,30
peps_names_64k.csv,1860774,InvertedIndex,ExacteNom,OrdrePositionnel,SelectionAvancee,220,672,568
peps_names_64k.csv,1860774,InvertedIndex,ExacteNom,MeilleurePaire,TopK,245,672,30
peps_names_64k.csv,1860774,InvertedIndex,ExacteNom,MeilleurePaire,SelectionAvancee,239,672,672
peps_names_64k.csv,1860774,InvertedIndex,OrdrePositionnel,MeilleurePaire,TopK,186,672,30
peps_names_64k.csv,1860774,InvertedIndex,OrdrePositionnel,MeilleurePaire,SelectionAvancee,161,672,672
peps_names_64k.csv,1860774,Arbre,ExacteNom,OrdrePositionnel,TopK,5716,1,1
peps_names_64k.csv,1860774,Arbre,ExacteNom,OrdrePositionnel,SelectionAvancee,5292,1,1
peps_names_64k.csv,1860774,Arbre,ExacteNom,MeilleurePaire,TopK,5583,1,1
peps_names_64k.csv,1860774,Arbre,ExacteNom,MeilleurePaire,SelectionAvancee,5190,1,1
peps_names_64k.csv,1860774,Arbre,OrdrePositionnel,MeilleurePaire,TopK,5292,1,1
peps_names_64k.csv,1860774,Arbre,OrdrePositionnel,MeilleurePaire,SelectionAvancee,5359,1,1
peps_names_64k.csv,1860774,LinkedHashSet,ExacteNom,OrdrePositionnel,TopK,203,670,30
peps_names_64k.csv,1860774,LinkedHashSet,ExacteNom,OrdrePositionnel,SelectionAvancee,153,670,566
peps_names_64k.csv,1860774,LinkedHashSet,ExacteNom,MeilleurePaire,TopK,153,670,30
peps_names_64k.csv,1860774,LinkedHashSet,ExacteNom,MeilleurePaire,SelectionAvancee,265,670,670
peps_names_64k.csv,1860774,LinkedHashSet,OrdrePositionnel,MeilleurePaire,TopK,194,670,30
peps_names_64k.csv,1860774,LinkedHashSet,OrdrePositionnel,MeilleurePaire,SelectionAvancee,163,670,670
peps_names_64k.csv,1860774,Soundex,ExacteNom,OrdrePositionnel,TopK,168,3893,30
peps_names_64k.csv,1860774,Soundex,ExacteNom,OrdrePositionnel,SelectionAvancee,127,3893,1295
peps_names_64k.csv,1860774,Soundex,ExacteNom,MeilleurePaire,TopK,124,3893,30
peps_names_64k.csv,1860774,Soundex,ExacteNom,MeilleurePaire,SelectionAvancee,120,3893,2922
peps_names_64k.csv,1860774,Soundex,OrdrePositionnel,MeilleurePaire,TopK,133,3893,30
peps_names_64k.csv,1860774,Soundex,OrdrePositionnel,MeilleurePaire,SelectionAvancee,124,3893,3866
peps_names_32k.csv,953355,InvertedIndex,ExacteNom,OrdrePositionnel,TopK,90,345,232
peps_names_32k.csv,953355,InvertedIndex,ExacteNom,OrdrePositionnel,SelectionAvancee,86,345,1
peps_names_32k.csv,953355,InvertedIndex,ExacteNom,MeilleurePaire,TopK,88,345,232
peps_names_32k.csv,953355,InvertedIndex,ExacteNom,MeilleurePaire,SelectionAvancee,86,345,3
peps_names_32k.csv,953355,InvertedIndex,OrdrePositionnel,MeilleurePaire,TopK,76,345,232
peps_names_32k.csv,953355,InvertedIndex,OrdrePositionnel,MeilleurePaire,SelectionAvancee,85,345,83
peps_names_32k.csv,953355,Arbre,ExacteNom,OrdrePositionnel,TopK,2985,0,0
peps_names_32k.csv,953355,Arbre,ExacteNom,OrdrePositionnel,SelectionAvancee,2756,0,0
peps_names_32k.csv,953355,Arbre,ExacteNom,MeilleurePaire,TopK,2869,0,0
peps_names_32k.csv,953355,Arbre,ExacteNom,MeilleurePaire,SelectionAvancee,3075,0,0
peps_names_32k.csv,953355,Arbre,OrdrePositionnel,MeilleurePaire,TopK,2810,0,0
peps_names_32k.csv,953355,Arbre,OrdrePositionnel,MeilleurePaire,SelectionAvancee,3058,0,0
peps_names_32k.csv,953355,LinkedHashSet,ExacteNom,OrdrePositionnel,TopK,178,345,232
peps_names_32k.csv,953355,LinkedHashSet,ExacteNom,OrdrePositionnel,SelectionAvancee,293,345,1
peps_names_32k.csv,953355,LinkedHashSet,ExacteNom,MeilleurePaire,TopK,95,345,232
peps_names_32k.csv,953355,LinkedHashSet,ExacteNom,MeilleurePaire,SelectionAvancee,98,345,3
peps_names_32k.csv,953355,LinkedHashSet,OrdrePositionnel,MeilleurePaire,TopK,174,345,232
peps_names_32k.csv,953355,LinkedHashSet,OrdrePositionnel,MeilleurePaire,SelectionAvancee,152,345,83
peps_names_32k.csv,953355,Soundex,ExacteNom,OrdrePositionnel,TopK,106,1854,300
peps_names_32k.csv,953355,Soundex,ExacteNom,OrdrePositionnel,SelectionAvancee,95,1854,1
peps_names_32k.csv,953355,Soundex,ExacteNom,MeilleurePaire,TopK,108,1854,300
peps_names_32k.csv,953355,Soundex,ExacteNom,MeilleurePaire,SelectionAvancee,67,1854,3
peps_names_32k.csv,953355,Soundex,OrdrePositionnel,MeilleurePaire,TopK,114,1854,300
peps_names_32k.csv,953355,Soundex,OrdrePositionnel,MeilleurePaire,SelectionAvancee,84,1854,154
peps_names_1k.csv,41922,InvertedIndex,ExacteNom,OrdrePositionnel,TopK,4,17,17
peps_names_1k.csv,41922,InvertedIndex,ExacteNom,OrdrePositionnel,SelectionAvancee,3,17,14
peps_names_1k.csv,41922,InvertedIndex,ExacteNom,MeilleurePaire,TopK,3,17,17
peps_names_1k.csv,41922,InvertedIndex,ExacteNom,MeilleurePaire,SelectionAvancee,2,17,17
peps_names_1k.csv,41922,InvertedIndex,OrdrePositionnel,MeilleurePaire,TopK,4,17,17
peps_names_1k.csv,41922,InvertedIndex,OrdrePositionnel,MeilleurePaire,SelectionAvancee,5,17,17
peps_names_1k.csv,41922,Arbre,ExacteNom,OrdrePositionnel,TopK,43,0,0
peps_names_1k.csv,41922,Arbre,ExacteNom,OrdrePositionnel,SelectionAvancee,36,0,0
peps_names_1k.csv,41922,Arbre,ExacteNom,MeilleurePaire,TopK,41,0,0
peps_names_1k.csv,41922,Arbre,ExacteNom,MeilleurePaire,SelectionAvancee,48,0,0
peps_names_1k.csv,41922,Arbre,OrdrePositionnel,MeilleurePaire,TopK,47,0,0
peps_names_1k.csv,41922,Arbre,OrdrePositionnel,MeilleurePaire,SelectionAvancee,49,0,0
peps_names_1k.csv,41922,LinkedHashSet,ExacteNom,OrdrePositionnel,TopK,6,17,17
peps_names_1k.csv,41922,LinkedHashSet,ExacteNom,OrdrePositionnel,SelectionAvancee,5,17,14
peps_names_1k.csv,41922,LinkedHashSet,ExacteNom,MeilleurePaire,TopK,6,17,17
peps_names_1k.csv,41922,LinkedHashSet,ExacteNom,MeilleurePaire,SelectionAvancee,10,17,17
peps_names_1k.csv,41922,LinkedHashSet,OrdrePositionnel,MeilleurePaire,TopK,4,17,17
peps_names_1k.csv,41922,LinkedHashSet,OrdrePositionnel,MeilleurePaire,SelectionAvancee,3,17,17
peps_names_1k.csv,41922,Soundex,ExacteNom,OrdrePositionnel,TopK,2,64,64
peps_names_1k.csv,41922,Soundex,ExacteNom,OrdrePositionnel,SelectionAvancee,4,64,20
peps_names_1k.csv,41922,Soundex,ExacteNom,MeilleurePaire,TopK,7,64,64
peps_names_1k.csv,41922,Soundex,ExacteNom,MeilleurePaire,SelectionAvancee,9,64,51
peps_names_1k.csv,41922,Soundex,OrdrePositionnel,MeilleurePaire,TopK,2,64,64
peps_names_1k.csv,41922,Soundex,OrdrePositionnel,MeilleurePaire,SelectionAvancee,5,64,63
peps_names_400.csv,18784,InvertedIndex,ExacteNom,OrdrePositionnel,TopK,3,4,4
peps_names_400.csv,18784,InvertedIndex,ExacteNom,OrdrePositionnel,SelectionAvancee,1,4,3
peps_names_400.csv,18784,InvertedIndex,ExacteNom,MeilleurePaire,TopK,2,4,4
peps_names_400.csv,18784,InvertedIndex,ExacteNom,MeilleurePaire,SelectionAvancee,2,4,4
peps_names_400.csv,18784,InvertedIndex,OrdrePositionnel,MeilleurePaire,TopK,2,4,4
peps_names_400.csv,18784,InvertedIndex,OrdrePositionnel,MeilleurePaire,SelectionAvancee,2,4,4
peps_names_400.csv,18784,Arbre,ExacteNom,OrdrePositionnel,TopK,18,0,0
peps_names_400.csv,18784,Arbre,ExacteNom,OrdrePositionnel,SelectionAvancee,21,0,0
peps_names_400.csv,18784,Arbre,ExacteNom,MeilleurePaire,TopK,15,0,0
peps_names_400.csv,18784,Arbre,ExacteNom,MeilleurePaire,SelectionAvancee,16,0,0
peps_names_400.csv,18784,Arbre,OrdrePositionnel,MeilleurePaire,TopK,17,0,0
peps_names_400.csv,18784,Arbre,OrdrePositionnel,MeilleurePaire,SelectionAvancee,20,0,0
peps_names_400.csv,18784,LinkedHashSet,ExacteNom,OrdrePositionnel,TopK,6,4,4
peps_names_400.csv,18784,LinkedHashSet,ExacteNom,OrdrePositionnel,SelectionAvancee,5,4,3
peps_names_400.csv,18784,LinkedHashSet,ExacteNom,MeilleurePaire,TopK,1,4,4
peps_names_400.csv,18784,LinkedHashSet,ExacteNom,MeilleurePaire,SelectionAvancee,5,4,4
peps_names_400.csv,18784,LinkedHashSet,OrdrePositionnel,MeilleurePaire,TopK,2,4,4
peps_names_400.csv,18784,LinkedHashSet,OrdrePositionnel,MeilleurePaire,SelectionAvancee,2,4,4
peps_names_400.csv,18784,Soundex,ExacteNom,OrdrePositionnel,TopK,3,20,20
peps_names_400.csv,18784,Soundex,ExacteNom,OrdrePositionnel,SelectionAvancee,0,20,5
peps_names_400.csv,18784,Soundex,ExacteNom,MeilleurePaire,TopK,2,20,20
peps_names_400.csv,18784,Soundex,ExacteNom,MeilleurePaire,SelectionAvancee,1,20,18
peps_names_400.csv,18784,Soundex,OrdrePositionnel,MeilleurePaire,TopK,1,20,20
peps_names_400.csv,18784,Soundex,OrdrePositionnel,MeilleurePaire,SelectionAvancee,1,20,20
peps_names_256k.csv,7224842,InvertedIndex,ExacteNom,OrdrePositionnel,TopK,1680,3711,30
peps_names_256k.csv,7224842,InvertedIndex,ExacteNom,OrdrePositionnel,SelectionAvancee,1875,3711,3688
peps_names_256k.csv,7224842,InvertedIndex,ExacteNom,MeilleurePaire,TopK,1559,3711,30
peps_names_256k.csv,7224842,InvertedIndex,ExacteNom,MeilleurePaire,SelectionAvancee,1492,3711,3711
peps_names_256k.csv,7224842,InvertedIndex,OrdrePositionnel,MeilleurePaire,TopK,1493,3711,30
peps_names_256k.csv,7224842,InvertedIndex,OrdrePositionnel,MeilleurePaire,SelectionAvancee,1450,3711,3711
peps_names_256k.csv,7224842,Arbre,ExacteNom,OrdrePositionnel,TopK,28514,17,15
peps_names_256k.csv,7224842,Arbre,ExacteNom,OrdrePositionnel,SelectionAvancee,28767,17,17
peps_names_256k.csv,7224842,Arbre,ExacteNom,MeilleurePaire,TopK,28906,17,15
peps_names_256k.csv,7224842,Arbre,ExacteNom,MeilleurePaire,SelectionAvancee,30336,17,17
peps_names_256k.csv,7224842,Arbre,OrdrePositionnel,MeilleurePaire,TopK,28415,17,15
peps_names_256k.csv,7224842,Arbre,OrdrePositionnel,MeilleurePaire,SelectionAvancee,40625,17,17
peps_names_256k.csv,7224842,LinkedHashSet,ExacteNom,OrdrePositionnel,TopK,1906,3546,30
peps_names_256k.csv,7224842,LinkedHashSet,ExacteNom,OrdrePositionnel,SelectionAvancee,1261,3546,3523
peps_names_256k.csv,7224842,LinkedHashSet,ExacteNom,MeilleurePaire,TopK,1373,3546,30
peps_names_256k.csv,7224842,LinkedHashSet,ExacteNom,MeilleurePaire,SelectionAvancee,1578,3546,3546
peps_names_256k.csv,7224842,LinkedHashSet,OrdrePositionnel,MeilleurePaire,TopK,1306,3546,30
peps_names_256k.csv,7224842,LinkedHashSet,OrdrePositionnel,MeilleurePaire,SelectionAvancee,1347,3546,3546
peps_names_256k.csv,7224842,Soundex,ExacteNom,OrdrePositionnel,TopK,634,15033,30
peps_names_256k.csv,7224842,Soundex,ExacteNom,OrdrePositionnel,SelectionAvancee,602,15033,12865
peps_names_256k.csv,7224842,Soundex,ExacteNom,MeilleurePaire,TopK,606,15033,30
peps_names_256k.csv,7224842,Soundex,ExacteNom,MeilleurePaire,SelectionAvancee,537,15033,14879
peps_names_256k.csv,7224842,Soundex,OrdrePositionnel,MeilleurePaire,TopK,653,15033,30
peps_names_256k.csv,7224842,Soundex,OrdrePositionnel,MeilleurePaire,SelectionAvancee,521,15033,15033
peps_names_16k.csv,473975,InvertedIndex,ExacteNom,OrdrePositionnel,TopK,50,81,52
peps_names_16k.csv,473975,InvertedIndex,ExacteNom,OrdrePositionnel,SelectionAvancee,89,81,26
peps_names_16k.csv,473975,InvertedIndex,ExacteNom,MeilleurePaire,TopK,100,81,52
peps_names_16k.csv,473975,InvertedIndex,ExacteNom,MeilleurePaire,SelectionAvancee,39,81,65
peps_names_16k.csv,473975,InvertedIndex,OrdrePositionnel,MeilleurePaire,TopK,60,81,52
peps_names_16k.csv,473975,InvertedIndex,OrdrePositionnel,MeilleurePaire,SelectionAvancee,65,81,72
peps_names_16k.csv,473975,Arbre,ExacteNom,OrdrePositionnel,TopK,1427,0,0
peps_names_16k.csv,473975,Arbre,ExacteNom,OrdrePositionnel,SelectionAvancee,1403,0,0
peps_names_16k.csv,473975,Arbre,ExacteNom,MeilleurePaire,TopK,1119,0,0
peps_names_16k.csv,473975,Arbre,ExacteNom,MeilleurePaire,SelectionAvancee,1277,0,0
peps_names_16k.csv,473975,Arbre,OrdrePositionnel,MeilleurePaire,TopK,1163,0,0
peps_names_16k.csv,473975,Arbre,OrdrePositionnel,MeilleurePaire,SelectionAvancee,1305,0,0
peps_names_16k.csv,473975,LinkedHashSet,ExacteNom,OrdrePositionnel,TopK,146,81,52
peps_names_16k.csv,473975,LinkedHashSet,ExacteNom,OrdrePositionnel,SelectionAvancee,121,81,26
peps_names_16k.csv,473975,LinkedHashSet,ExacteNom,MeilleurePaire,TopK,103,81,52
peps_names_16k.csv,473975,LinkedHashSet,ExacteNom,MeilleurePaire,SelectionAvancee,193,81,65
peps_names_16k.csv,473975,LinkedHashSet,OrdrePositionnel,MeilleurePaire,TopK,124,81,52
peps_names_16k.csv,473975,LinkedHashSet,OrdrePositionnel,MeilleurePaire,SelectionAvancee,124,81,72
peps_names_16k.csv,473975,Soundex,ExacteNom,OrdrePositionnel,TopK,32,805,60
peps_names_16k.csv,473975,Soundex,ExacteNom,OrdrePositionnel,SelectionAvancee,66,805,26
peps_names_16k.csv,473975,Soundex,ExacteNom,MeilleurePaire,TopK,72,805,60
peps_names_16k.csv,473975,Soundex,ExacteNom,MeilleurePaire,SelectionAvancee,89,805,65
peps_names_16k.csv,473975,Soundex,OrdrePositionnel,MeilleurePaire,TopK,37,805,60
peps_names_16k.csv,473975,Soundex,OrdrePositionnel,MeilleurePaire,SelectionAvancee,36,805,619
peps_names_8k.csv,246594,InvertedIndex,ExacteNom,OrdrePositionnel,TopK,21,42,42
peps_names_8k.csv,246594,InvertedIndex,ExacteNom,OrdrePositionnel,SelectionAvancee,18,42,23
peps_names_8k.csv,246594,InvertedIndex,ExacteNom,MeilleurePaire,TopK,20,42,42
peps_names_8k.csv,246594,InvertedIndex,ExacteNom,MeilleurePaire,SelectionAvancee,33,42,42
peps_names_8k.csv,246594,InvertedIndex,OrdrePositionnel,MeilleurePaire,TopK,21,42,42
peps_names_8k.csv,246594,InvertedIndex,OrdrePositionnel,MeilleurePaire,SelectionAvancee,18,42,41
peps_names_8k.csv,246594,Arbre,ExacteNom,OrdrePositionnel,TopK,505,0,0
peps_names_8k.csv,246594,Arbre,ExacteNom,OrdrePositionnel,SelectionAvancee,612,0,0
peps_names_8k.csv,246594,Arbre,ExacteNom,MeilleurePaire,TopK,666,0,0
peps_names_8k.csv,246594,Arbre,ExacteNom,MeilleurePaire,SelectionAvancee,434,0,0
peps_names_8k.csv,246594,Arbre,OrdrePositionnel,MeilleurePaire,TopK,634,0,0
peps_names_8k.csv,246594,Arbre,OrdrePositionnel,MeilleurePaire,SelectionAvancee,566,0,0
peps_names_8k.csv,246594,LinkedHashSet,ExacteNom,OrdrePositionnel,TopK,52,42,42
peps_names_8k.csv,246594,LinkedHashSet,ExacteNom,OrdrePositionnel,SelectionAvancee,56,42,23
peps_names_8k.csv,246594,LinkedHashSet,ExacteNom,MeilleurePaire,TopK,54,42,42
peps_names_8k.csv,246594,LinkedHashSet,ExacteNom,MeilleurePaire,SelectionAvancee,60,42,42
peps_names_8k.csv,246594,LinkedHashSet,OrdrePositionnel,MeilleurePaire,TopK,123,42,42
peps_names_8k.csv,246594,LinkedHashSet,OrdrePositionnel,MeilleurePaire,SelectionAvancee,53,42,41
peps_names_8k.csv,246594,Soundex,ExacteNom,OrdrePositionnel,TopK,37,427,232
peps_names_8k.csv,246594,Soundex,ExacteNom,OrdrePositionnel,SelectionAvancee,18,427,28
peps_names_8k.csv,246594,Soundex,ExacteNom,MeilleurePaire,TopK,16,427,232
peps_names_8k.csv,246594,Soundex,ExacteNom,MeilleurePaire,SelectionAvancee,15,427,53
peps_names_8k.csv,246594,Soundex,OrdrePositionnel,MeilleurePaire,TopK,16,427,232
peps_names_8k.csv,246594,Soundex,OrdrePositionnel,MeilleurePaire,SelectionAvancee,15,427,399
peps_names_200.csv,9352,InvertedIndex,ExacteNom,OrdrePositionnel,TopK,97,1,1
peps_names_200.csv,9352,InvertedIndex,ExacteNom,OrdrePositionnel,SelectionAvancee,17,1,0
peps_names_200.csv,9352,InvertedIndex,ExacteNom,MeilleurePaire,TopK,6,1,1
peps_names_200.csv,9352,InvertedIndex,ExacteNom,MeilleurePaire,SelectionAvancee,11,1,1
peps_names_200.csv,9352,InvertedIndex,OrdrePositionnel,MeilleurePaire,TopK,8,1,1
peps_names_200.csv,9352,InvertedIndex,OrdrePositionnel,MeilleurePaire,SelectionAvancee,11,1,1
peps_names_200.csv,9352,Arbre,ExacteNom,OrdrePositionnel,TopK,68,0,0
peps_names_200.csv,9352,Arbre,ExacteNom,OrdrePositionnel,SelectionAvancee,38,0,0
peps_names_200.csv,9352,Arbre,ExacteNom,MeilleurePaire,TopK,14,0,0
peps_names_200.csv,9352,Arbre,ExacteNom,MeilleurePaire,SelectionAvancee,48,0,0
peps_names_200.csv,9352,Arbre,OrdrePositionnel,MeilleurePaire,TopK,41,0,0
peps_names_200.csv,9352,Arbre,OrdrePositionnel,MeilleurePaire,SelectionAvancee,34,0,0
peps_names_200.csv,9352,LinkedHashSet,ExacteNom,OrdrePositionnel,TopK,11,1,1
peps_names_200.csv,9352,LinkedHashSet,ExacteNom,OrdrePositionnel,SelectionAvancee,5,1,0
peps_names_200.csv,9352,LinkedHashSet,ExacteNom,MeilleurePaire,TopK,6,1,1
peps_names_200.csv,9352,LinkedHashSet,ExacteNom,MeilleurePaire,SelectionAvancee,4,1,1
peps_names_200.csv,9352,LinkedHashSet,OrdrePositionnel,MeilleurePaire,TopK,4,1,1
peps_names_200.csv,9352,LinkedHashSet,OrdrePositionnel,MeilleurePaire,SelectionAvancee,5,1,1
peps_names_200.csv,9352,Soundex,ExacteNom,OrdrePositionnel,TopK,13,11,11
peps_names_200.csv,9352,Soundex,ExacteNom,OrdrePositionnel,SelectionAvancee,3,11,0
peps_names_200.csv,9352,Soundex,ExacteNom,MeilleurePaire,TopK,5,11,11
peps_names_200.csv,9352,Soundex,ExacteNom,MeilleurePaire,SelectionAvancee,3,11,1
peps_names_200.csv,9352,Soundex,OrdrePositionnel,MeilleurePaire,TopK,7,11,11
peps_names_200.csv,9352,Soundex,OrdrePositionnel,MeilleurePaire,SelectionAvancee,4,11,7
peps_names_256k.csv,7224842,InvertedIndex,ExacteNom,OrdrePositionnel,TopK,2007,2722,300
peps_names_256k.csv,7224842,InvertedIndex,ExacteNom,OrdrePositionnel,SelectionAvancee,2083,2722,1528
peps_names_256k.csv,7224842,InvertedIndex,ExacteNom,MeilleurePaire,TopK,1626,2722,300
peps_names_256k.csv,7224842,InvertedIndex,ExacteNom,MeilleurePaire,SelectionAvancee,1535,2722,2722
peps_names_256k.csv,7224842,InvertedIndex,OrdrePositionnel,MeilleurePaire,TopK,2133,2722,300
peps_names_256k.csv,7224842,InvertedIndex,OrdrePositionnel,MeilleurePaire,SelectionAvancee,1736,2722,2698
peps_names_256k.csv,7224842,Arbre,ExacteNom,OrdrePositionnel,TopK,70708,11,11
peps_names_256k.csv,7224842,Arbre,ExacteNom,OrdrePositionnel,SelectionAvancee,100692,11,11
peps_names_256k.csv,7224842,Arbre,ExacteNom,MeilleurePaire,TopK,67275,11,11
peps_names_256k.csv,7224842,Arbre,ExacteNom,MeilleurePaire,SelectionAvancee,37746,11,11
peps_names_256k.csv,7224842,Arbre,OrdrePositionnel,MeilleurePaire,TopK,105402,11,11
peps_names_256k.csv,7224842,Arbre,OrdrePositionnel,MeilleurePaire,SelectionAvancee,90467,11,11
peps_names_256k.csv,7224842,LinkedHashSet,ExacteNom,OrdrePositionnel,TopK,5272,2687,300
peps_names_256k.csv,7224842,LinkedHashSet,ExacteNom,OrdrePositionnel,SelectionAvancee,4842,2687,1501
peps_names_256k.csv,7224842,LinkedHashSet,ExacteNom,MeilleurePaire,TopK,3919,2687,300
peps_names_256k.csv,7224842,LinkedHashSet,ExacteNom,MeilleurePaire,SelectionAvancee,4324,2687,2687
peps_names_256k.csv,7224842,LinkedHashSet,OrdrePositionnel,MeilleurePaire,TopK,4576,2687,300
peps_names_256k.csv,7224842,LinkedHashSet,OrdrePositionnel,MeilleurePaire,SelectionAvancee,4145,2687,2663
peps_names_256k.csv,7224842,Soundex,ExacteNom,OrdrePositionnel,TopK,3322,7245,300
peps_names_256k.csv,7224842,Soundex,ExacteNom,OrdrePositionnel,SelectionAvancee,1789,7245,1558
peps_names_256k.csv,7224842,Soundex,ExacteNom,MeilleurePaire,TopK,2815,7245,300
peps_names_256k.csv,7224842,Soundex,ExacteNom,MeilleurePaire,SelectionAvancee,2332,7245,2896
peps_names_256k.csv,7224842,Soundex,OrdrePositionnel,MeilleurePaire,TopK,2630,7245,300
peps_names_256k.csv,7224842,Soundex,OrdrePositionnel,MeilleurePaire,SelectionAvancee,2592,7245,6913
peps_names_800.csv,36482,InvertedIndex,ExacteNom,OrdrePositionnel,TopK,24,7,7
peps_names_800.csv,36482,InvertedIndex,ExacteNom,OrdrePositionnel,SelectionAvancee,12,7,0
peps_names_800.csv,36482,InvertedIndex,ExacteNom,MeilleurePaire,TopK,7,7,7
peps_names_800.csv,36482,InvertedIndex,ExacteNom,MeilleurePaire,SelectionAvancee,9,7,5
peps_names_800.csv,36482,InvertedIndex,OrdrePositionnel,MeilleurePaire,TopK,10,7,7
peps_names_800.csv,36482,InvertedIndex,OrdrePositionnel,MeilleurePaire,SelectionAvancee,8,7,3
peps_names_800.csv,36482,Arbre,ExacteNom,OrdrePositionnel,TopK,184,0,0
peps_names_800.csv,36482,Arbre,ExacteNom,OrdrePositionnel,SelectionAvancee,159,0,0
peps_names_800.csv,36482,Arbre,ExacteNom,MeilleurePaire,TopK,267,0,0
peps_names_800.csv,36482,Arbre,ExacteNom,MeilleurePaire,SelectionAvancee,170,0,0
peps_names_800.csv,36482,Arbre,OrdrePositionnel,MeilleurePaire,TopK,361,0,0
peps_names_800.csv,36482,Arbre,OrdrePositionnel,MeilleurePaire,SelectionAvancee,214,0,0
peps_names_800.csv,36482,LinkedHashSet,ExacteNom,OrdrePositionnel,TopK,41,7,7
peps_names_800.csv,36482,LinkedHashSet,ExacteNom,OrdrePositionnel,SelectionAvancee,38,7,0
peps_names_800.csv,36482,LinkedHashSet,ExacteNom,MeilleurePaire,TopK,35,7,7
peps_names_800.csv,36482,LinkedHashSet,ExacteNom,MeilleurePaire,SelectionAvancee,33,7,5
peps_names_800.csv,36482,LinkedHashSet,OrdrePositionnel,MeilleurePaire,TopK,15,7,7
peps_names_800.csv,36482,LinkedHashSet,OrdrePositionnel,MeilleurePaire,SelectionAvancee,25,7,3
peps_names_800.csv,36482,Soundex,ExacteNom,OrdrePositionnel,TopK,9,37,12
peps_names_800.csv,36482,Soundex,ExacteNom,OrdrePositionnel,SelectionAvancee,6,37,0
peps_names_800.csv,36482,Soundex,ExacteNom,MeilleurePaire,TopK,7,37,12
peps_names_800.csv,36482,Soundex,ExacteNom,MeilleurePaire,SelectionAvancee,7,37,5
peps_names_800.csv,36482,Soundex,OrdrePositionnel,MeilleurePaire,TopK,7,37,12
peps_names_800.csv,36482,Soundex,OrdrePositionnel,MeilleurePaire,SelectionAvancee,6,37,19
peps_names_16k.csv,473975,InvertedIndex,ExacteNom,OrdrePositionnel,TopK,383,127,127
peps_names_16k.csv,473975,InvertedIndex,ExacteNom,OrdrePositionnel,SelectionAvancee,271,127,1
peps_names_16k.csv,473975,InvertedIndex,ExacteNom,MeilleurePaire,TopK,446,127,127
peps_names_16k.csv,473975,InvertedIndex,ExacteNom,MeilleurePaire,SelectionAvancee,287,127,3
peps_names_16k.csv,473975,InvertedIndex,OrdrePositionnel,MeilleurePaire,TopK,163,127,127
peps_names_16k.csv,473975,InvertedIndex,OrdrePositionnel,MeilleurePaire,SelectionAvancee,258,127,28
peps_names_16k.csv,473975,Arbre,ExacteNom,OrdrePositionnel,TopK,6582,1,1
peps_names_16k.csv,473975,Arbre,ExacteNom,OrdrePositionnel,SelectionAvancee,3979,1,1
peps_names_16k.csv,473975,Arbre,ExacteNom,MeilleurePaire,TopK,1508,1,1
peps_names_16k.csv,473975,Arbre,ExacteNom,MeilleurePaire,SelectionAvancee,1425,1,1
peps_names_16k.csv,473975,Arbre,OrdrePositionnel,MeilleurePaire,TopK,1497,1,1
peps_names_16k.csv,473975,Arbre,OrdrePositionnel,MeilleurePaire,SelectionAvancee,1489,1,1
peps_names_16k.csv,473975,LinkedHashSet,ExacteNom,OrdrePositionnel,TopK,132,127,127
peps_names_16k.csv,473975,LinkedHashSet,ExacteNom,OrdrePositionnel,SelectionAvancee,193,127,1
peps_names_16k.csv,473975,LinkedHashSet,ExacteNom,MeilleurePaire,TopK,187,127,127
peps_names_16k.csv,473975,LinkedHashSet,ExacteNom,MeilleurePaire,SelectionAvancee,93,127,3
peps_names_16k.csv,473975,LinkedHashSet,OrdrePositionnel,MeilleurePaire,TopK,99,127,127
peps_names_16k.csv,473975,LinkedHashSet,OrdrePositionnel,MeilleurePaire,SelectionAvancee,109,127,28
peps_names_16k.csv,473975,Soundex,ExacteNom,OrdrePositionnel,TopK,61,649,246
peps_names_16k.csv,473975,Soundex,ExacteNom,OrdrePositionnel,SelectionAvancee,57,649,2
peps_names_16k.csv,473975,Soundex,ExacteNom,MeilleurePaire,TopK,42,649,246
peps_names_16k.csv,473975,Soundex,ExacteNom,MeilleurePaire,SelectionAvancee,35,649,3
peps_names_16k.csv,473975,Soundex,OrdrePositionnel,MeilleurePaire,TopK,36,649,246
peps_names_16k.csv,473975,Soundex,OrdrePositionnel,MeilleurePaire,SelectionAvancee,37,649,81
peps_names_100.csv,4617,InvertedIndex,ExacteNom,OrdrePositionnel,TopK,0,0,0
peps_names_100.csv,4617,InvertedIndex,ExacteNom,OrdrePositionnel,SelectionAvancee,0,0,0
peps_names_100.csv,4617,InvertedIndex,ExacteNom,MeilleurePaire,TopK,0,0,0
peps_names_100.csv,4617,InvertedIndex,ExacteNom,MeilleurePaire,SelectionAvancee,0,0,0
peps_names_100.csv,4617,InvertedIndex,OrdrePositionnel,MeilleurePaire,TopK,0,0,0
peps_names_100.csv,4617,InvertedIndex,OrdrePositionnel,MeilleurePaire,SelectionAvancee,0,0,0
peps_names_100.csv,4617,Arbre,ExacteNom,OrdrePositionnel,TopK,6,0,0
peps_names_100.csv,4617,Arbre,ExacteNom,OrdrePositionnel,SelectionAvancee,3,0,0
peps_names_100.csv,4617,Arbre,ExacteNom,MeilleurePaire,TopK,5,0,0
peps_names_100.csv,4617,Arbre,ExacteNom,MeilleurePaire,SelectionAvancee,4,0,0
peps_names_100.csv,4617,Arbre,OrdrePositionnel,MeilleurePaire,TopK,3,0,0
peps_names_100.csv,4617,Arbre,OrdrePositionnel,MeilleurePaire,SelectionAvancee,5,0,0
peps_names_100.csv,4617,LinkedHashSet,ExacteNom,OrdrePositionnel,TopK,0,0,0
peps_names_100.csv,4617,LinkedHashSet,ExacteNom,OrdrePositionnel,SelectionAvancee,1,0,0
peps_names_100.csv,4617,LinkedHashSet,ExacteNom,MeilleurePaire,TopK,0,0,0
peps_names_100.csv,4617,LinkedHashSet,ExacteNom,MeilleurePaire,SelectionAvancee,0,0,0
peps_names_100.csv,4617,LinkedHashSet,OrdrePositionnel,MeilleurePaire,TopK,0,0,0
peps_names_100.csv,4617,LinkedHashSet,OrdrePositionnel,MeilleurePaire,SelectionAvancee,1,0,0
peps_names_100.csv,4617,Soundex,ExacteNom,OrdrePositionnel,TopK,0,6,6
peps_names_100.csv,4617,Soundex,ExacteNom,OrdrePositionnel,SelectionAvancee,0,6,1
peps_names_100.csv,4617,Soundex,ExacteNom,MeilleurePaire,TopK,0,6,6
peps_names_100.csv,4617,Soundex,ExacteNom,MeilleurePaire,SelectionAvancee,0,6,0
peps_names_100.csv,4617,Soundex,OrdrePositionnel,MeilleurePaire,TopK,0,6,6
peps_names_100.csv,4617,Soundex,OrdrePositionnel,MeilleurePaire,SelectionAvancee,1,6,6
peps_names_100.csv,4617,InvertedIndex,ExacteNom,OrdrePositionnel,TopK,0,2,2
peps_names_100.csv,4617,InvertedIndex,ExacteNom,OrdrePositionnel,SelectionAvancee,0,2,1
peps_names_100.csv,4617,InvertedIndex,ExacteNom,MeilleurePaire,TopK,1,2,2
peps_names_100.csv,4617,InvertedIndex,ExacteNom,MeilleurePaire,SelectionAvancee,0,2,2
peps_names_100.csv,4617,InvertedIndex,OrdrePositionnel,MeilleurePaire,TopK,0,2,2
peps_names_100.csv,4617,InvertedIndex,OrdrePositionnel,MeilleurePaire,SelectionAvancee,0,2,2
peps_names_100.csv,4617,Arbre,ExacteNom,OrdrePositionnel,TopK,3,0,0
peps_names_100.csv,4617,Arbre,ExacteNom,OrdrePositionnel,SelectionAvancee,7,0,0
peps_names_100.csv,4617,Arbre,ExacteNom,MeilleurePaire,TopK,7,0,0
peps_names_100.csv,4617,Arbre,ExacteNom,MeilleurePaire,SelectionAvancee,5,0,0
peps_names_100.csv,4617,Arbre,OrdrePositionnel,MeilleurePaire,TopK,5,0,0
peps_names_100.csv,4617,Arbre,OrdrePositionnel,MeilleurePaire,SelectionAvancee,7,0,0
peps_names_100.csv,4617,LinkedHashSet,ExacteNom,OrdrePositionnel,TopK,1,2,2
peps_names_100.csv,4617,LinkedHashSet,ExacteNom,OrdrePositionnel,SelectionAvancee,2,2,1
peps_names_100.csv,4617,LinkedHashSet,ExacteNom,MeilleurePaire,TopK,1,2,2
peps_names_100.csv,4617,LinkedHashSet,ExacteNom,MeilleurePaire,SelectionAvancee,1,2,2
peps_names_100.csv,4617,LinkedHashSet,OrdrePositionnel,MeilleurePaire,TopK,0,2,2
peps_names_100.csv,4617,LinkedHashSet,OrdrePositionnel,MeilleurePaire,SelectionAvancee,1,2,2
peps_names_100.csv,4617,Soundex,ExacteNom,OrdrePositionnel,TopK,1,8,8
peps_names_100.csv,4617,Soundex,ExacteNom,OrdrePositionnel,SelectionAvancee,1,8,1
peps_names_100.csv,4617,Soundex,ExacteNom,MeilleurePaire,TopK,1,8,8
peps_names_100.csv,4617,Soundex,ExacteNom,MeilleurePaire,SelectionAvancee,1,8,2
peps_names_100.csv,4617,Soundex,OrdrePositionnel,MeilleurePaire,TopK,1,8,8
peps_names_100.csv,4617,Soundex,OrdrePositionnel,MeilleurePaire,SelectionAvancee,1,8,8
peps_names_800.csv,36482,InvertedIndex,ExacteNom,OrdrePositionnel,TopK,5,16,16
peps_names_800.csv,36482,InvertedIndex,ExacteNom,OrdrePositionnel,SelectionAvancee,4,16,0
peps_names_800.csv,36482,InvertedIndex,ExacteNom,MeilleurePaire,TopK,3,16,16
peps_names_800.csv,36482,InvertedIndex,ExacteNom,MeilleurePaire,SelectionAvancee,5,16,0
peps_names_800.csv,36482,InvertedIndex,OrdrePositionnel,MeilleurePaire,TopK,7,16,16
peps_names_800.csv,36482,InvertedIndex,OrdrePositionnel,MeilleurePaire,SelectionAvancee,9,16,6
peps_names_800.csv,36482,Arbre,ExacteNom,OrdrePositionnel,TopK,54,0,0
peps_names_800.csv,36482,Arbre,ExacteNom,OrdrePositionnel,SelectionAvancee,52,0,0
peps_names_800.csv,36482,Arbre,ExacteNom,MeilleurePaire,TopK,42,0,0
peps_names_800.csv,36482,Arbre,ExacteNom,MeilleurePaire,SelectionAvancee,44,0,0
peps_names_800.csv,36482,Arbre,OrdrePositionnel,MeilleurePaire,TopK,51,0,0
peps_names_800.csv,36482,Arbre,OrdrePositionnel,MeilleurePaire,SelectionAvancee,42,0,0
peps_names_800.csv,36482,LinkedHashSet,ExacteNom,OrdrePositionnel,TopK,5,16,16
peps_names_800.csv,36482,LinkedHashSet,ExacteNom,OrdrePositionnel,SelectionAvancee,4,16,0
peps_names_800.csv,36482,LinkedHashSet,ExacteNom,MeilleurePaire,TopK,5,16,16
peps_names_800.csv,36482,LinkedHashSet,ExacteNom,MeilleurePaire,SelectionAvancee,5,16,0
peps_names_800.csv,36482,LinkedHashSet,OrdrePositionnel,MeilleurePaire,TopK,3,16,16
peps_names_800.csv,36482,LinkedHashSet,OrdrePositionnel,MeilleurePaire,SelectionAvancee,6,16,6
peps_names_800.csv,36482,Soundex,ExacteNom,OrdrePositionnel,TopK,4,53,53
peps_names_800.csv,36482,Soundex,ExacteNom,OrdrePositionnel,SelectionAvancee,2,53,0
peps_names_800.csv,36482,Soundex,ExacteNom,MeilleurePaire,TopK,2,53,53
peps_names_800.csv,36482,Soundex,ExacteNom,MeilleurePaire,SelectionAvancee,3,53,0
peps_names_800.csv,36482,Soundex,OrdrePositionnel,MeilleurePaire,TopK,3,53,53
peps_names_800.csv,36482,Soundex,OrdrePositionnel,MeilleurePaire,SelectionAvancee,3,53,7
peps_names_4k.csv,131278,InvertedIndex,ExacteNom,OrdrePositionnel,TopK,15,31,15
peps_names_4k.csv,131278,InvertedIndex,ExacteNom,OrdrePositionnel,SelectionAvancee,10,31,0
peps_names_4k.csv,131278,InvertedIndex,ExacteNom,MeilleurePaire,TopK,11,31,15
peps_names_4k.csv,131278,InvertedIndex,ExacteNom,MeilleurePaire,SelectionAvancee,12,31,0
peps_names_4k.csv,131278,InvertedIndex,OrdrePositionnel,MeilleurePaire,TopK,10,31,15
peps_names_4k.csv,131278,InvertedIndex,OrdrePositionnel,MeilleurePaire,SelectionAvancee,9,31,8
peps_names_4k.csv,131278,Arbre,ExacteNom,OrdrePositionnel,TopK,262,0,0
peps_names_4k.csv,131278,Arbre,ExacteNom,OrdrePositionnel,SelectionAvancee,259,0,0
peps_names_4k.csv,131278,Arbre,ExacteNom,MeilleurePaire,TopK,295,0,0
peps_names_4k.csv,131278,Arbre,ExacteNom,MeilleurePaire,SelectionAvancee,756,0,0
peps_names_4k.csv,131278,Arbre,OrdrePositionnel,MeilleurePaire,TopK,1296,0,0
peps_names_4k.csv,131278,Arbre,OrdrePositionnel,MeilleurePaire,SelectionAvancee,1403,0,0
peps_names_4k.csv,131278,LinkedHashSet,ExacteNom,OrdrePositionnel,TopK,145,31,15
peps_names_4k.csv,131278,LinkedHashSet,ExacteNom,OrdrePositionnel,SelectionAvancee,105,31,0
peps_names_4k.csv,131278,LinkedHashSet,ExacteNom,MeilleurePaire,TopK,60,31,15
peps_names_4k.csv,131278,LinkedHashSet,ExacteNom,MeilleurePaire,SelectionAvancee,53,31,0
peps_names_4k.csv,131278,LinkedHashSet,OrdrePositionnel,MeilleurePaire,TopK,165,31,15
peps_names_4k.csv,131278,LinkedHashSet,OrdrePositionnel,MeilleurePaire,SelectionAvancee,136,31,8
peps_names_4k.csv,131278,Soundex,ExacteNom,OrdrePositionnel,TopK,105,189,15
peps_names_4k.csv,131278,Soundex,ExacteNom,OrdrePositionnel,SelectionAvancee,101,189,0
peps_names_4k.csv,131278,Soundex,ExacteNom,MeilleurePaire,TopK,47,189,15
peps_names_4k.csv,131278,Soundex,ExacteNom,MeilleurePaire,SelectionAvancee,67,189,0
peps_names_4k.csv,131278,Soundex,OrdrePositionnel,MeilleurePaire,TopK,108,189,15
peps_names_4k.csv,131278,Soundex,OrdrePositionnel,MeilleurePaire,SelectionAvancee,96,189,19
peps_names_400.csv,18784,InvertedIndex,ExacteNom,OrdrePositionnel,TopK,4,6,6
peps_names_400.csv,18784,InvertedIndex,ExacteNom,OrdrePositionnel,SelectionAvancee,10,6,6
peps_names_400.csv,18784,InvertedIndex,ExacteNom,MeilleurePaire,TopK,4,6,6
peps_names_400.csv,18784,InvertedIndex,ExacteNom,MeilleurePaire,SelectionAvancee,5,6,6
peps_names_400.csv,18784,InvertedIndex,OrdrePositionnel,MeilleurePaire,TopK,6,6,6
peps_names_400.csv,18784,InvertedIndex,OrdrePositionnel,MeilleurePaire,SelectionAvancee,4,6,6
peps_names_400.csv,18784,Arbre,ExacteNom,OrdrePositionnel,TopK,72,0,0
peps_names_400.csv,18784,Arbre,ExacteNom,OrdrePositionnel,SelectionAvancee,57,0,0
peps_names_400.csv,18784,Arbre,ExacteNom,MeilleurePaire,TopK,56,0,0
peps_names_400.csv,18784,Arbre,ExacteNom,MeilleurePaire,SelectionAvancee,64,0,0
peps_names_400.csv,18784,Arbre,OrdrePositionnel,MeilleurePaire,TopK,59,0,0
peps_names_400.csv,18784,Arbre,OrdrePositionnel,MeilleurePaire,SelectionAvancee,59,0,0
peps_names_400.csv,18784,LinkedHashSet,ExacteNom,OrdrePositionnel,TopK,4,6,6
peps_names_400.csv,18784,LinkedHashSet,ExacteNom,OrdrePositionnel,SelectionAvancee,5,6,6
peps_names_400.csv,18784,LinkedHashSet,ExacteNom,MeilleurePaire,TopK,11,6,6
peps_names_400.csv,18784,LinkedHashSet,ExacteNom,MeilleurePaire,SelectionAvancee,6,6,6
peps_names_400.csv,18784,LinkedHashSet,OrdrePositionnel,MeilleurePaire,TopK,9,6,6
peps_names_400.csv,18784,LinkedHashSet,OrdrePositionnel,MeilleurePaire,SelectionAvancee,4,6,6
peps_names_400.csv,18784,Soundex,ExacteNom,OrdrePositionnel,TopK,4,20,20
peps_names_400.csv,18784,Soundex,ExacteNom,OrdrePositionnel,SelectionAvancee,4,20,19
peps_names_400.csv,18784,Soundex,ExacteNom,MeilleurePaire,TopK,10,20,20
peps_names_400.csv,18784,Soundex,ExacteNom,MeilleurePaire,SelectionAvancee,12,20,20
peps_names_400.csv,18784,Soundex,OrdrePositionnel,MeilleurePaire,TopK,3,20,20
peps_names_400.csv,18784,Soundex,OrdrePositionnel,MeilleurePaire,SelectionAvancee,8,20,20
peps_names_100.csv,4617,InvertedIndex,ExacteNom,OrdrePositionnel,TopK,1,3,3
peps_names_100.csv,4617,InvertedIndex,ExacteNom,OrdrePositionnel,SelectionAvancee,7,3,2
peps_names_100.csv,4617,InvertedIndex,ExacteNom,MeilleurePaire,TopK,1,3,3
peps_names_100.csv,4617,InvertedIndex,ExacteNom,MeilleurePaire,SelectionAvancee,1,3,3
peps_names_100.csv,4617,InvertedIndex,OrdrePositionnel,MeilleurePaire,TopK,1,3,3
peps_names_100.csv,4617,InvertedIndex,OrdrePositionnel,MeilleurePaire,SelectionAvancee,1,3,3
peps_names_100.csv,4617,Arbre,ExacteNom,OrdrePositionnel,TopK,13,0,0
peps_names_100.csv,4617,Arbre,ExacteNom,OrdrePositionnel,SelectionAvancee,20,0,0
peps_names_100.csv,4617,Arbre,ExacteNom,MeilleurePaire,TopK,21,0,0
peps_names_100.csv,4617,Arbre,ExacteNom,MeilleurePaire,SelectionAvancee,17,0,0
peps_names_100.csv,4617,Arbre,OrdrePositionnel,MeilleurePaire,TopK,12,0,0
peps_names_100.csv,4617,Arbre,OrdrePositionnel,MeilleurePaire,SelectionAvancee,14,0,0
peps_names_100.csv,4617,LinkedHashSet,ExacteNom,OrdrePositionnel,TopK,2,3,3
peps_names_100.csv,4617,LinkedHashSet,ExacteNom,OrdrePositionnel,SelectionAvancee,1,3,2
peps_names_100.csv,4617,LinkedHashSet,ExacteNom,MeilleurePaire,TopK,1,3,3
peps_names_100.csv,4617,LinkedHashSet,ExacteNom,MeilleurePaire,SelectionAvancee,1,3,3
peps_names_100.csv,4617,LinkedHashSet,OrdrePositionnel,MeilleurePaire,TopK,1,3,3
peps_names_100.csv,4617,LinkedHashSet,OrdrePositionnel,MeilleurePaire,SelectionAvancee,2,3,3
peps_names_100.csv,4617,Soundex,ExacteNom,OrdrePositionnel,TopK,1,5,5
peps_names_100.csv,4617,Soundex,ExacteNom,OrdrePositionnel,SelectionAvancee,1,5,2
peps_names_100.csv,4617,Soundex,ExacteNom,MeilleurePaire,TopK,1,5,5
peps_names_100.csv,4617,Soundex,ExacteNom,MeilleurePaire,SelectionAvancee,1,5,3
peps_names_100.csv,4617,Soundex,OrdrePositionnel,MeilleurePaire,TopK,0,5,5
peps_names_100.csv,4617,Soundex,OrdrePositionnel,MeilleurePaire,SelectionAvancee,1,5,5
peps_names_16k.csv,473975,InvertedIndex,ExacteNom,OrdrePositionnel,TopK,203,179,153
peps_names_16k.csv,473975,InvertedIndex,ExacteNom,OrdrePositionnel,SelectionAvancee,198,179,152
peps_names_16k.csv,473975,InvertedIndex,ExacteNom,MeilleurePaire,TopK,330,179,153
peps_names_16k.csv,473975,InvertedIndex,ExacteNom,MeilleurePaire,SelectionAvancee,157,179,179
peps_names_16k.csv,473975,InvertedIndex,OrdrePositionnel,MeilleurePaire,TopK,157,179,153
peps_names_16k.csv,473975,InvertedIndex,OrdrePositionnel,MeilleurePaire,SelectionAvancee,311,179,179
peps_names_16k.csv,473975,Arbre,ExacteNom,OrdrePositionnel,TopK,6178,3,3
peps_names_16k.csv,473975,Arbre,ExacteNom,OrdrePositionnel,SelectionAvancee,5454,3,3
peps_names_16k.csv,473975,Arbre,ExacteNom,MeilleurePaire,TopK,5878,3,3
peps_names_16k.csv,473975,Arbre,ExacteNom,MeilleurePaire,SelectionAvancee,4851,3,3
peps_names_16k.csv,473975,Arbre,OrdrePositionnel,MeilleurePaire,TopK,5509,3,3
peps_names_16k.csv,473975,Arbre,OrdrePositionnel,MeilleurePaire,SelectionAvancee,4913,3,3
peps_names_16k.csv,473975,LinkedHashSet,ExacteNom,OrdrePositionnel,TopK,313,179,153
peps_names_16k.csv,473975,LinkedHashSet,ExacteNom,OrdrePositionnel,SelectionAvancee,231,179,152
peps_names_16k.csv,473975,LinkedHashSet,ExacteNom,MeilleurePaire,TopK,330,179,153
peps_names_16k.csv,473975,LinkedHashSet,ExacteNom,MeilleurePaire,SelectionAvancee,402,179,179
peps_names_16k.csv,473975,LinkedHashSet,OrdrePositionnel,MeilleurePaire,TopK,385,179,153
peps_names_16k.csv,473975,LinkedHashSet,OrdrePositionnel,MeilleurePaire,SelectionAvancee,402,179,179
peps_names_16k.csv,473975,Soundex,ExacteNom,OrdrePositionnel,TopK,239,547,272
peps_names_16k.csv,473975,Soundex,ExacteNom,OrdrePositionnel,SelectionAvancee,103,547,233
peps_names_16k.csv,473975,Soundex,ExacteNom,MeilleurePaire,TopK,106,547,272
peps_names_16k.csv,473975,Soundex,ExacteNom,MeilleurePaire,SelectionAvancee,255,547,480
peps_names_16k.csv,473975,Soundex,OrdrePositionnel,MeilleurePaire,TopK,122,547,272
peps_names_16k.csv,473975,Soundex,OrdrePositionnel,MeilleurePaire,SelectionAvancee,105,547,537
peps_names_16k.csv,473975,InvertedIndex,ExacteNom,OrdrePositionnel,TopK,187,127,29
peps_names_16k.csv,473975,InvertedIndex,ExacteNom,OrdrePositionnel,SelectionAvancee,229,127,127
peps_names_16k.csv,473975,InvertedIndex,ExacteNom,MeilleurePaire,TopK,279,127,29
peps_names_16k.csv,473975,InvertedIndex,ExacteNom,MeilleurePaire,SelectionAvancee,192,127,127
peps_names_16k.csv,473975,InvertedIndex,OrdrePositionnel,MeilleurePaire,TopK,164,127,29
peps_names_16k.csv,473975,InvertedIndex,OrdrePositionnel,MeilleurePaire,SelectionAvancee,209,127,127
peps_names_16k.csv,473975,Arbre,ExacteNom,OrdrePositionnel,TopK,6331,1,1
peps_names_16k.csv,473975,Arbre,ExacteNom,OrdrePositionnel,SelectionAvancee,5872,1,1
peps_names_16k.csv,473975,Arbre,ExacteNom,MeilleurePaire,TopK,6229,1,1
peps_names_16k.csv,473975,Arbre,ExacteNom,MeilleurePaire,SelectionAvancee,2077,1,1
peps_names_16k.csv,473975,Arbre,OrdrePositionnel,MeilleurePaire,TopK,1767,1,1
peps_names_16k.csv,473975,Arbre,OrdrePositionnel,MeilleurePaire,SelectionAvancee,1518,1,1
peps_names_16k.csv,473975,LinkedHashSet,ExacteNom,OrdrePositionnel,TopK,98,127,29
peps_names_16k.csv,473975,LinkedHashSet,ExacteNom,OrdrePositionnel,SelectionAvancee,169,127,127
peps_names_16k.csv,473975,LinkedHashSet,ExacteNom,MeilleurePaire,TopK,216,127,29
peps_names_16k.csv,473975,LinkedHashSet,ExacteNom,MeilleurePaire,SelectionAvancee,269,127,127
peps_names_16k.csv,473975,LinkedHashSet,OrdrePositionnel,MeilleurePaire,TopK,178,127,29
peps_names_16k.csv,473975,LinkedHashSet,OrdrePositionnel,MeilleurePaire,SelectionAvancee,160,127,127
peps_names_16k.csv,473975,Soundex,ExacteNom,OrdrePositionnel,TopK,83,649,30
peps_names_16k.csv,473975,Soundex,ExacteNom,OrdrePositionnel,SelectionAvancee,43,649,556
peps_names_16k.csv,473975,Soundex,ExacteNom,MeilleurePaire,TopK,35,649,30
peps_names_16k.csv,473975,Soundex,ExacteNom,MeilleurePaire,SelectionAvancee,37,649,645
peps_names_16k.csv,473975,Soundex,OrdrePositionnel,MeilleurePaire,TopK,35,649,30
peps_names_16k.csv,473975,Soundex,OrdrePositionnel,MeilleurePaire,SelectionAvancee,34,649,649
peps_names_1k.csv,41922,InvertedIndex,ExacteNom,OrdrePositionnel,TopK,3,16,11
peps_names_1k.csv,41922,InvertedIndex,ExacteNom,OrdrePositionnel,SelectionAvancee,4,16,0
peps_names_1k.csv,41922,InvertedIndex,ExacteNom,MeilleurePaire,TopK,4,16,11
peps_names_1k.csv,41922,InvertedIndex,ExacteNom,MeilleurePaire,SelectionAvancee,4,16,0
peps_names_1k.csv,41922,InvertedIndex,OrdrePositionnel,MeilleurePaire,TopK,4,16,11
peps_names_1k.csv,41922,InvertedIndex,OrdrePositionnel,MeilleurePaire,SelectionAvancee,4,16,2
peps_names_1k.csv,41922,Arbre,ExacteNom,OrdrePositionnel,TopK,53,0,0
peps_names_1k.csv,41922,Arbre,ExacteNom,OrdrePositionnel,SelectionAvancee,55,0,0
peps_names_1k.csv,41922,Arbre,ExacteNom,MeilleurePaire,TopK,67,0,0
peps_names_1k.csv,41922,Arbre,ExacteNom,MeilleurePaire,SelectionAvancee,57,0,0
peps_names_1k.csv,41922,Arbre,OrdrePositionnel,MeilleurePaire,TopK,50,0,0
peps_names_1k.csv,41922,Arbre,OrdrePositionnel,MeilleurePaire,SelectionAvancee,49,0,0
peps_names_1k.csv,41922,LinkedHashSet,ExacteNom,OrdrePositionnel,TopK,4,16,11
peps_names_1k.csv,41922,LinkedHashSet,ExacteNom,OrdrePositionnel,SelectionAvancee,5,16,0
peps_names_1k.csv,41922,LinkedHashSet,ExacteNom,MeilleurePaire,TopK,5,16,11
peps_names_1k.csv,41922,LinkedHashSet,ExacteNom,MeilleurePaire,SelectionAvancee,7,16,0
peps_names_1k.csv,41922,LinkedHashSet,OrdrePositionnel,MeilleurePaire,TopK,4,16,11
peps_names_1k.csv,41922,LinkedHashSet,OrdrePositionnel,MeilleurePaire,SelectionAvancee,4,16,2
peps_names_1k.csv,41922,Soundex,ExacteNom,OrdrePositionnel,TopK,3,50,11
peps_names_1k.csv,41922,Soundex,ExacteNom,OrdrePositionnel,SelectionAvancee,3,50,0
peps_names_1k.csv,41922,Soundex,ExacteNom,MeilleurePaire,TopK,3,50,11
peps_names_1k.csv,41922,Soundex,ExacteNom,MeilleurePaire,SelectionAvancee,4,50,0
peps_names_1k.csv,41922,Soundex,OrdrePositionnel,MeilleurePaire,TopK,2,50,11
peps_names_1k.csv,41922,Soundex,OrdrePositionnel,MeilleurePaire,SelectionAvancee,4,50,4
peps_names_8k.csv,246594,InvertedIndex,ExacteNom,OrdrePositionnel,TopK,22,42,15
peps_names_8k.csv,246594,InvertedIndex,ExacteNom,OrdrePositionnel,SelectionAvancee,18,42,42
peps_names_8k.csv,246594,InvertedIndex,ExacteNom,MeilleurePaire,TopK,24,42,15
peps_names_8k.csv,246594,InvertedIndex,ExacteNom,MeilleurePaire,SelectionAvancee,23,42,42
peps_names_8k.csv,246594,InvertedIndex,OrdrePositionnel,MeilleurePaire,TopK,20,42,15
peps_names_8k.csv,246594,InvertedIndex,OrdrePositionnel,MeilleurePaire,SelectionAvancee,19,42,42
peps_names_8k.csv,246594,Arbre,ExacteNom,OrdrePositionnel,TopK,924,0,0
peps_names_8k.csv,246594,Arbre,ExacteNom,OrdrePositionnel,SelectionAvancee,670,0,0
peps_names_8k.csv,246594,Arbre,ExacteNom,MeilleurePaire,TopK,555,0,0
peps_names_8k.csv,246594,Arbre,ExacteNom,MeilleurePaire,SelectionAvancee,509,0,0
peps_names_8k.csv,246594,Arbre,OrdrePositionnel,MeilleurePaire,TopK,485,0,0
peps_names_8k.csv,246594,Arbre,OrdrePositionnel,MeilleurePaire,SelectionAvancee,511,0,0
peps_names_8k.csv,246594,LinkedHashSet,ExacteNom,OrdrePositionnel,TopK,53,42,15
peps_names_8k.csv,246594,LinkedHashSet,ExacteNom,OrdrePositionnel,SelectionAvancee,48,42,42
peps_names_8k.csv,246594,LinkedHashSet,ExacteNom,MeilleurePaire,TopK,60,42,15
peps_names_8k.csv,246594,LinkedHashSet,ExacteNom,MeilleurePaire,SelectionAvancee,67,42,42
peps_names_8k.csv,246594,LinkedHashSet,OrdrePositionnel,MeilleurePaire,TopK,45,42,15
peps_names_8k.csv,246594,LinkedHashSet,OrdrePositionnel,MeilleurePaire,SelectionAvancee,39,42,42
peps_names_8k.csv,246594,Soundex,ExacteNom,OrdrePositionnel,TopK,19,427,15
peps_names_8k.csv,246594,Soundex,ExacteNom,OrdrePositionnel,SelectionAvancee,21,427,326
peps_names_8k.csv,246594,Soundex,ExacteNom,MeilleurePaire,TopK,22,427,15
peps_names_8k.csv,246594,Soundex,ExacteNom,MeilleurePaire,SelectionAvancee,17,427,423
peps_names_8k.csv,246594,Soundex,OrdrePositionnel,MeilleurePaire,TopK,27,427,15
peps_names_8k.csv,246594,Soundex,OrdrePositionnel,MeilleurePaire,SelectionAvancee,20,427,427
peps_names_256k.csv,7224842,InvertedIndex,ExacteNom,OrdrePositionnel,TopK,2356,2722,15
peps_names_256k.csv,7224842,InvertedIndex,ExacteNom,OrdrePositionnel,SelectionAvancee,1768,2722,1528
peps_names_256k.csv,7224842,InvertedIndex,ExacteNom,MeilleurePaire,TopK,1753,2722,15
peps_names_256k.csv,7224842,InvertedIndex,ExacteNom,MeilleurePaire,SelectionAvancee,1821,2722,2722
peps_names_256k.csv,7224842,InvertedIndex,OrdrePositionnel,MeilleurePaire,TopK,1720,2722,15
peps_names_256k.csv,7224842,InvertedIndex,OrdrePositionnel,MeilleurePaire,SelectionAvancee,1996,2722,2698
peps_names_256k.csv,7224842,Arbre,ExacteNom,OrdrePositionnel,TopK,75601,11,5
peps_names_256k.csv,7224842,Arbre,ExacteNom,OrdrePositionnel,SelectionAvancee,139022,11,11
peps_names_256k.csv,7224842,Arbre,ExacteNom,MeilleurePaire,TopK,143776,11,5
peps_names_256k.csv,7224842,Arbre,ExacteNom,MeilleurePaire,SelectionAvancee,131299,11,11
peps_names_256k.csv,7224842,Arbre,OrdrePositionnel,MeilleurePaire,TopK,149244,11,5
peps_names_256k.csv,7224842,Arbre,OrdrePositionnel,MeilleurePaire,SelectionAvancee,60078,11,11
peps_names_256k.csv,7224842,LinkedHashSet,ExacteNom,OrdrePositionnel,TopK,1395,2687,15
peps_names_256k.csv,7224842,LinkedHashSet,ExacteNom,OrdrePositionnel,SelectionAvancee,1587,2687,1501
peps_names_256k.csv,7224842,LinkedHashSet,ExacteNom,MeilleurePaire,TopK,1664,2687,15
peps_names_256k.csv,7224842,LinkedHashSet,ExacteNom,MeilleurePaire,SelectionAvancee,1818,2687,2687
peps_names_256k.csv,7224842,LinkedHashSet,OrdrePositionnel,MeilleurePaire,TopK,1465,2687,15
peps_names_256k.csv,7224842,LinkedHashSet,OrdrePositionnel,MeilleurePaire,SelectionAvancee,1314,2687,2663
peps_names_256k.csv,7224842,Soundex,ExacteNom,OrdrePositionnel,TopK,587,7245,15
peps_names_256k.csv,7224842,Soundex,ExacteNom,OrdrePositionnel,SelectionAvancee,591,7245,1558
peps_names_256k.csv,7224842,Soundex,ExacteNom,MeilleurePaire,TopK,563,7245,15
peps_names_256k.csv,7224842,Soundex,ExacteNom,MeilleurePaire,SelectionAvancee,520,7245,2896
peps_names_256k.csv,7224842,Soundex,OrdrePositionnel,MeilleurePaire,TopK,733,7245,15
peps_names_256k.csv,7224842,Soundex,OrdrePositionnel,MeilleurePaire,SelectionAvancee,759,7245,6913
peps_names_200.csv,9352,InvertedIndex,ExacteNom,OrdrePositionnel,TopK,181,4,4
peps_names_200.csv,9352,InvertedIndex,ExacteNom,OrdrePositionnel,SelectionAvancee,17,4,1
peps_names_200.csv,9352,InvertedIndex,ExacteNom,MeilleurePaire,TopK,7,4,4
peps_names_200.csv,9352,InvertedIndex,ExacteNom,MeilleurePaire,SelectionAvancee,13,4,3
peps_names_200.csv,9352,InvertedIndex,OrdrePositionnel,MeilleurePaire,TopK,7,4,4
peps_names_200.csv,9352,InvertedIndex,OrdrePositionnel,MeilleurePaire,SelectionAvancee,7,4,4
peps_names_200.csv,9352,Arbre,ExacteNom,OrdrePositionnel,TopK,72,0,0
peps_names_200.csv,9352,Arbre,ExacteNom,OrdrePositionnel,SelectionAvancee,15,0,0
peps_names_200.csv,9352,Arbre,ExacteNom,MeilleurePaire,TopK,14,0,0
peps_names_200.csv,9352,Arbre,ExacteNom,MeilleurePaire,SelectionAvancee,16,0,0
peps_names_200.csv,9352,Arbre,OrdrePositionnel,MeilleurePaire,TopK,13,0,0
peps_names_200.csv,9352,Arbre,OrdrePositionnel,MeilleurePaire,SelectionAvancee,15,0,0
peps_names_200.csv,9352,LinkedHashSet,ExacteNom,OrdrePositionnel,TopK,6,4,4
peps_names_200.csv,9352,LinkedHashSet,ExacteNom,OrdrePositionnel,SelectionAvancee,2,4,1
peps_names_200.csv,9352,LinkedHashSet,ExacteNom,MeilleurePaire,TopK,3,4,4
peps_names_200.csv,9352,LinkedHashSet,ExacteNom,MeilleurePaire,SelectionAvancee,4,4,3
peps_names_200.csv,9352,LinkedHashSet,OrdrePositionnel,MeilleurePaire,TopK,6,4,4
peps_names_200.csv,9352,LinkedHashSet,OrdrePositionnel,MeilleurePaire,SelectionAvancee,2,4,4
peps_names_200.csv,9352,Soundex,ExacteNom,OrdrePositionnel,TopK,11,14,10
peps_names_200.csv,9352,Soundex,ExacteNom,OrdrePositionnel,SelectionAvancee,6,14,1
peps_names_200.csv,9352,Soundex,ExacteNom,MeilleurePaire,TopK,5,14,10
peps_names_200.csv,9352,Soundex,ExacteNom,MeilleurePaire,SelectionAvancee,4,14,3
peps_names_200.csv,9352,Soundex,OrdrePositionnel,MeilleurePaire,TopK,6,14,10
peps_names_200.csv,9352,Soundex,OrdrePositionnel,MeilleurePaire,SelectionAvancee,3,14,13
peps_names_64k.csv,1860774,InvertedIndex,ExacteNom,OrdrePositionnel,TopK,369,672,273
peps_names_64k.csv,1860774,InvertedIndex,ExacteNom,OrdrePositionnel,SelectionAvancee,269,672,568
peps_names_64k.csv,1860774,InvertedIndex,ExacteNom,MeilleurePaire,TopK,319,672,273
peps_names_64k.csv,1860774,InvertedIndex,ExacteNom,MeilleurePaire,SelectionAvancee,265,672,672
peps_names_64k.csv,1860774,InvertedIndex,OrdrePositionnel,MeilleurePaire,TopK,260,672,273
peps_names_64k.csv,1860774,InvertedIndex,OrdrePositionnel,MeilleurePaire,SelectionAvancee,288,672,672
peps_names_64k.csv,1860774,Arbre,ExacteNom,OrdrePositionnel,TopK,6881,1,1
peps_names_64k.csv,1860774,Arbre,ExacteNom,OrdrePositionnel,SelectionAvancee,6572,1,1
peps_names_64k.csv,1860774,Arbre,ExacteNom,MeilleurePaire,TopK,6917,1,1
peps_names_64k.csv,1860774,Arbre,ExacteNom,MeilleurePaire,SelectionAvancee,6558,1,1
peps_names_64k.csv,1860774,Arbre,OrdrePositionnel,MeilleurePaire,TopK,10450,1,1
peps_names_64k.csv,1860774,Arbre,OrdrePositionnel,MeilleurePaire,SelectionAvancee,30950,1,1
peps_names_64k.csv,1860774,LinkedHashSet,ExacteNom,OrdrePositionnel,TopK,762,670,273
peps_names_64k.csv,1860774,LinkedHashSet,ExacteNom,OrdrePositionnel,SelectionAvancee,972,670,566
peps_names_64k.csv,1860774,LinkedHashSet,ExacteNom,MeilleurePaire,TopK,1299,670,273
peps_names_64k.csv,1860774,LinkedHashSet,ExacteNom,MeilleurePaire,SelectionAvancee,1171,670,670
peps_names_64k.csv,1860774,LinkedHashSet,OrdrePositionnel,MeilleurePaire,TopK,1420,670,273
peps_names_64k.csv,1860774,LinkedHashSet,OrdrePositionnel,MeilleurePaire,SelectionAvancee,1211,670,670
peps_names_64k.csv,1860774,Soundex,ExacteNom,OrdrePositionnel,TopK,869,3893,300
peps_names_64k.csv,1860774,Soundex,ExacteNom,OrdrePositionnel,SelectionAvancee,509,3893,1295
peps_names_64k.csv,1860774,Soundex,ExacteNom,MeilleurePaire,TopK,551,3893,300
peps_names_64k.csv,1860774,Soundex,ExacteNom,MeilleurePaire,SelectionAvancee,664,3893,2922
peps_names_64k.csv,1860774,Soundex,OrdrePositionnel,MeilleurePaire,TopK,510,3893,300
peps_names_64k.csv,1860774,Soundex,OrdrePositionnel,MeilleurePaire,SelectionAvancee,755,3893,3866
peps_names_400.csv,18784,InvertedIndex,ExacteNom,OrdrePositionnel,TopK,9,4,4
peps_names_400.csv,18784,InvertedIndex,ExacteNom,OrdrePositionnel,SelectionAvancee,5,4,3
peps_names_400.csv,18784,InvertedIndex,ExacteNom,MeilleurePaire,TopK,3,4,4
peps_names_400.csv,18784,InvertedIndex,ExacteNom,MeilleurePaire,SelectionAvancee,5,4,4
peps_names_400.csv,18784,InvertedIndex,OrdrePositionnel,MeilleurePaire,TopK,5,4,4
peps_names_400.csv,18784,InvertedIndex,OrdrePositionnel,MeilleurePaire,SelectionAvancee,11,4,4
peps_names_400.csv,18784,Arbre,ExacteNom,OrdrePositionnel,TopK,60,0,0
peps_names_400.csv,18784,Arbre,ExacteNom,OrdrePositionnel,SelectionAvancee,71,0,0
peps_names_400.csv,18784,Arbre,ExacteNom,MeilleurePaire,TopK,72,0,0
peps_names_400.csv,18784,Arbre,ExacteNom,MeilleurePaire,SelectionAvancee,66,0,0
peps_names_400.csv,18784,Arbre,OrdrePositionnel,MeilleurePaire,TopK,148,0,0
peps_names_400.csv,18784,Arbre,OrdrePositionnel,MeilleurePaire,SelectionAvancee,204,0,0
peps_names_400.csv,18784,LinkedHashSet,ExacteNom,OrdrePositionnel,TopK,16,4,4
peps_names_400.csv,18784,LinkedHashSet,ExacteNom,OrdrePositionnel,SelectionAvancee,10,4,3
peps_names_400.csv,18784,LinkedHashSet,ExacteNom,MeilleurePaire,TopK,11,4,4
peps_names_400.csv,18784,LinkedHashSet,ExacteNom,MeilleurePaire,SelectionAvancee,9,4,4
peps_names_400.csv,18784,LinkedHashSet,OrdrePositionnel,MeilleurePaire,TopK,12,4,4
peps_names_400.csv,18784,LinkedHashSet,OrdrePositionnel,MeilleurePaire,SelectionAvancee,7,4,4
peps_names_400.csv,18784,Soundex,ExacteNom,OrdrePositionnel,TopK,4,20,20
peps_names_400.csv,18784,Soundex,ExacteNom,OrdrePositionnel,SelectionAvancee,9,20,5
peps_names_400.csv,18784,Soundex,ExacteNom,MeilleurePaire,TopK,6,20,20
peps_names_400.csv,18784,Soundex,ExacteNom,MeilleurePaire,SelectionAvancee,4,20,18
peps_names_400.csv,18784,Soundex,OrdrePositionnel,MeilleurePaire,TopK,3,20,20
peps_names_400.csv,18784,Soundex,OrdrePositionnel,MeilleurePaire,SelectionAvancee,4,20,20
peps_names_32k.csv,953355,InvertedIndex,ExacteNom,OrdrePositionnel,TopK,522,292,253
peps_names_32k.csv,953355,InvertedIndex,ExacteNom,OrdrePositionnel,SelectionAvancee,467,292,65
peps_names_32k.csv,953355,InvertedIndex,ExacteNom,MeilleurePaire,TopK,571,292,253
peps_names_32k.csv,953355,InvertedIndex,ExacteNom,MeilleurePaire,SelectionAvancee,577,292,254
peps_names_32k.csv,953355,InvertedIndex,OrdrePositionnel,MeilleurePaire,TopK,560,292,253
peps_names_32k.csv,953355,InvertedIndex,OrdrePositionnel,MeilleurePaire,SelectionAvancee,809,292,266
peps_names_32k.csv,953355,Arbre,ExacteNom,OrdrePositionnel,TopK,14364,0,0
peps_names_32k.csv,953355,Arbre,ExacteNom,OrdrePositionnel,SelectionAvancee,15061,0,0
peps_names_32k.csv,953355,Arbre,ExacteNom,MeilleurePaire,TopK,16934,0,0
peps_names_32k.csv,953355,Arbre,ExacteNom,MeilleurePaire,SelectionAvancee,15585,0,0
peps_names_32k.csv,953355,Arbre,OrdrePositionnel,MeilleurePaire,TopK,13204,0,0
peps_names_32k.csv,953355,Arbre,OrdrePositionnel,MeilleurePaire,SelectionAvancee,12083,0,0
peps_names_32k.csv,953355,LinkedHashSet,ExacteNom,OrdrePositionnel,TopK,539,291,252
peps_names_32k.csv,953355,LinkedHashSet,ExacteNom,OrdrePositionnel,SelectionAvancee,781,291,65
peps_names_32k.csv,953355,LinkedHashSet,ExacteNom,MeilleurePaire,TopK,636,291,252
peps_names_32k.csv,953355,LinkedHashSet,ExacteNom,MeilleurePaire,SelectionAvancee,516,291,253
peps_names_32k.csv,953355,LinkedHashSet,OrdrePositionnel,MeilleurePaire,TopK,765,291,252
peps_names_32k.csv,953355,LinkedHashSet,OrdrePositionnel,MeilleurePaire,SelectionAvancee,551,291,265
peps_names_32k.csv,953355,Soundex,ExacteNom,OrdrePositionnel,TopK,344,1766,300
peps_names_32k.csv,953355,Soundex,ExacteNom,OrdrePositionnel,SelectionAvancee,505,1766,65
peps_names_32k.csv,953355,Soundex,ExacteNom,MeilleurePaire,TopK,377,1766,300
peps_names_32k.csv,953355,Soundex,ExacteNom,MeilleurePaire,SelectionAvancee,353,1766,254
peps_names_32k.csv,953355,Soundex,OrdrePositionnel,MeilleurePaire,TopK,323,1766,300
peps_names_32k.csv,953355,Soundex,OrdrePositionnel,MeilleurePaire,SelectionAvancee,401,1766,1576
peps_names_800.csv,36482,InvertedIndex,ExacteNom,OrdrePositionnel,TopK,22,16,16
peps_names_800.csv,36482,InvertedIndex,ExacteNom,OrdrePositionnel,SelectionAvancee,29,16,9
peps_names_800.csv,36482,InvertedIndex,ExacteNom,MeilleurePaire,TopK,40,16,16
peps_names_800.csv,36482,InvertedIndex,ExacteNom,MeilleurePaire,SelectionAvancee,17,16,16
peps_names_800.csv,36482,InvertedIndex,OrdrePositionnel,MeilleurePaire,TopK,8,16,16
peps_names_800.csv,36482,InvertedIndex,OrdrePositionnel,MeilleurePaire,SelectionAvancee,10,16,16
peps_names_800.csv,36482,Arbre,ExacteNom,OrdrePositionnel,TopK,237,0,0
peps_names_800.csv,36482,Arbre,ExacteNom,OrdrePositionnel,SelectionAvancee,247,0,0
peps_names_800.csv,36482,Arbre,ExacteNom,MeilleurePaire,TopK,385,0,0
peps_names_800.csv,36482,Arbre,ExacteNom,MeilleurePaire,SelectionAvancee,146,0,0
peps_names_800.csv,36482,Arbre,OrdrePositionnel,MeilleurePaire,TopK,345,0,0
peps_names_800.csv,36482,Arbre,OrdrePositionnel,MeilleurePaire,SelectionAvancee,197,0,0
peps_names_800.csv,36482,LinkedHashSet,ExacteNom,OrdrePositionnel,TopK,27,16,16
peps_names_800.csv,36482,LinkedHashSet,ExacteNom,OrdrePositionnel,SelectionAvancee,27,16,9
peps_names_800.csv,36482,LinkedHashSet,ExacteNom,MeilleurePaire,TopK,35,16,16
peps_names_800.csv,36482,LinkedHashSet,ExacteNom,MeilleurePaire,SelectionAvancee,29,16,16
peps_names_800.csv,36482,LinkedHashSet,OrdrePositionnel,MeilleurePaire,TopK,36,16,16
peps_names_800.csv,36482,LinkedHashSet,OrdrePositionnel,MeilleurePaire,SelectionAvancee,21,16,16
peps_names_800.csv,36482,Soundex,ExacteNom,OrdrePositionnel,TopK,9,53,46
peps_names_800.csv,36482,Soundex,ExacteNom,OrdrePositionnel,SelectionAvancee,14,53,9
peps_names_800.csv,36482,Soundex,ExacteNom,MeilleurePaire,TopK,18,53,46
peps_names_800.csv,36482,Soundex,ExacteNom,MeilleurePaire,SelectionAvancee,9,53,20
peps_names_800.csv,36482,Soundex,OrdrePositionnel,MeilleurePaire,TopK,9,53,46
peps_names_800.csv,36482,Soundex,OrdrePositionnel,MeilleurePaire,SelectionAvancee,11,53,51
peps_names_64k.csv,1860774,InvertedIndex,ExacteNom,OrdrePositionnel,TopK,1306,548,150
peps_names_64k.csv,1860774,InvertedIndex,ExacteNom,OrdrePositionnel,SelectionAvancee,1675,548,2
peps_names_64k.csv,1860774,InvertedIndex,ExacteNom,MeilleurePaire,TopK,1655,548,150
peps_names_64k.csv,1860774,InvertedIndex,ExacteNom,MeilleurePaire,SelectionAvancee,1146,548,0
peps_names_64k.csv,1860774,InvertedIndex,OrdrePositionnel,MeilleurePaire,TopK,776,548,150
peps_names_64k.csv,1860774,InvertedIndex,OrdrePositionnel,MeilleurePaire,SelectionAvancee,1018,548,155
peps_names_64k.csv,1860774,Arbre,ExacteNom,OrdrePositionnel,TopK,33269,0,0
peps_names_64k.csv,1860774,Arbre,ExacteNom,OrdrePositionnel,SelectionAvancee,31903,0,0
peps_names_64k.csv,1860774,Arbre,ExacteNom,MeilleurePaire,TopK,31880,0,0
peps_names_64k.csv,1860774,Arbre,ExacteNom,MeilleurePaire,SelectionAvancee,30608,0,0
peps_names_64k.csv,1860774,Arbre,OrdrePositionnel,MeilleurePaire,TopK,29535,0,0
peps_names_64k.csv,1860774,Arbre,OrdrePositionnel,MeilleurePaire,SelectionAvancee,21104,0,0
peps_names_64k.csv,1860774,LinkedHashSet,ExacteNom,OrdrePositionnel,TopK,706,547,150
peps_names_64k.csv,1860774,LinkedHashSet,ExacteNom,OrdrePositionnel,SelectionAvancee,715,547,2
peps_names_64k.csv,1860774,LinkedHashSet,ExacteNom,MeilleurePaire,TopK,597,547,150
peps_names_64k.csv,1860774,LinkedHashSet,ExacteNom,MeilleurePaire,SelectionAvancee,598,547,0
peps_names_64k.csv,1860774,LinkedHashSet,OrdrePositionnel,MeilleurePaire,TopK,576,547,150
peps_names_64k.csv,1860774,LinkedHashSet,OrdrePositionnel,MeilleurePaire,SelectionAvancee,608,547,155
peps_names_64k.csv,1860774,Soundex,ExacteNom,OrdrePositionnel,TopK,416,3612,150
peps_names_64k.csv,1860774,Soundex,ExacteNom,OrdrePositionnel,SelectionAvancee,400,3612,2
peps_names_64k.csv,1860774,Soundex,ExacteNom,MeilleurePaire,TopK,475,3612,150
peps_names_64k.csv,1860774,Soundex,ExacteNom,MeilleurePaire,SelectionAvancee,516,3612,0
peps_names_64k.csv,1860774,Soundex,OrdrePositionnel,MeilleurePaire,TopK,589,3612,150
peps_names_64k.csv,1860774,Soundex,OrdrePositionnel,MeilleurePaire,SelectionAvancee,460,3612,682
peps_names_800.csv,36482,InvertedIndex,ExacteNom,OrdrePositionnel,TopK,8,7,7
peps_names_800.csv,36482,InvertedIndex,ExacteNom,OrdrePositionnel,SelectionAvancee,13,7,2
peps_names_800.csv,36482,InvertedIndex,ExacteNom,MeilleurePaire,TopK,7,7,7
peps_names_800.csv,36482,InvertedIndex,ExacteNom,MeilleurePaire,SelectionAvancee,7,7,6
peps_names_800.csv,36482,InvertedIndex,OrdrePositionnel,MeilleurePaire,TopK,14,7,7
peps_names_800.csv,36482,InvertedIndex,OrdrePositionnel,MeilleurePaire,SelectionAvancee,19,7,5
peps_names_800.csv,36482,Arbre,ExacteNom,OrdrePositionnel,TopK,143,0,0
peps_names_800.csv,36482,Arbre,ExacteNom,OrdrePositionnel,SelectionAvancee,135,0,0
peps_names_800.csv,36482,Arbre,ExacteNom,MeilleurePaire,TopK,211,0,0
peps_names_800.csv,36482,Arbre,ExacteNom,MeilleurePaire,SelectionAvancee,135,0,0
peps_names_800.csv,36482,Arbre,OrdrePositionnel,MeilleurePaire,TopK,152,0,0
peps_names_800.csv,36482,Arbre,OrdrePositionnel,MeilleurePaire,SelectionAvancee,140,0,0
peps_names_800.csv,36482,LinkedHashSet,ExacteNom,OrdrePositionnel,TopK,9,7,7
peps_names_800.csv,36482,LinkedHashSet,ExacteNom,OrdrePositionnel,SelectionAvancee,10,7,2
peps_names_800.csv,36482,LinkedHashSet,ExacteNom,MeilleurePaire,TopK,15,7,7
peps_names_800.csv,36482,LinkedHashSet,ExacteNom,MeilleurePaire,SelectionAvancee,12,7,6
peps_names_800.csv,36482,LinkedHashSet,OrdrePositionnel,MeilleurePaire,TopK,13,7,7
peps_names_800.csv,36482,LinkedHashSet,OrdrePositionnel,MeilleurePaire,SelectionAvancee,12,7,5
peps_names_800.csv,36482,Soundex,ExacteNom,OrdrePositionnel,TopK,7,37,22
peps_names_800.csv,36482,Soundex,ExacteNom,OrdrePositionnel,SelectionAvancee,9,37,2
peps_names_800.csv,36482,Soundex,ExacteNom,MeilleurePaire,TopK,13,37,22
peps_names_800.csv,36482,Soundex,ExacteNom,MeilleurePaire,SelectionAvancee,8,37,6
peps_names_800.csv,36482,Soundex,OrdrePositionnel,MeilleurePaire,TopK,12,37,22
peps_names_800.csv,36482,Soundex,OrdrePositionnel,MeilleurePaire,SelectionAvancee,10,37,30
peps_names_800.csv,36482,InvertedIndex,ExacteNom,OrdrePositionnel,TopK,13,7,7
peps_names_800.csv,36482,InvertedIndex,ExacteNom,OrdrePositionnel,SelectionAvancee,11,7,2
peps_names_800.csv,36482,InvertedIndex,ExacteNom,MeilleurePaire,TopK,10,7,7
peps_names_800.csv,36482,InvertedIndex,ExacteNom,MeilleurePaire,SelectionAvancee,14,7,6
peps_names_800.csv,36482,InvertedIndex,OrdrePositionnel,MeilleurePaire,TopK,7,7,7
peps_names_800.csv,36482,InvertedIndex,OrdrePositionnel,MeilleurePaire,SelectionAvancee,13,7,5
peps_names_800.csv,36482,Arbre,ExacteNom,OrdrePositionnel,TopK,163,0,0
peps_names_800.csv,36482,Arbre,ExacteNom,OrdrePositionnel,SelectionAvancee,155,0,0
peps_names_800.csv,36482,Arbre,ExacteNom,MeilleurePaire,TopK,146,0,0
peps_names_800.csv,36482,Arbre,ExacteNom,MeilleurePaire,SelectionAvancee,228,0,0
peps_names_800.csv,36482,Arbre,OrdrePositionnel,MeilleurePaire,TopK,166,0,0
peps_names_800.csv,36482,Arbre,OrdrePositionnel,MeilleurePaire,SelectionAvancee,139,0,0
peps_names_800.csv,36482,LinkedHashSet,ExacteNom,OrdrePositionnel,TopK,10,7,7
peps_names_800.csv,36482,LinkedHashSet,ExacteNom,OrdrePositionnel,SelectionAvancee,13,7,2
peps_names_800.csv,36482,LinkedHashSet,ExacteNom,MeilleurePaire,TopK,10,7,7
peps_names_800.csv,36482,LinkedHashSet,ExacteNom,MeilleurePaire,SelectionAvancee,23,7,6
peps_names_800.csv,36482,LinkedHashSet,OrdrePositionnel,MeilleurePaire,TopK,13,7,7
peps_names_800.csv,36482,LinkedHashSet,OrdrePositionnel,MeilleurePaire,SelectionAvancee,17,7,5
peps_names_800.csv,36482,Soundex,ExacteNom,OrdrePositionnel,TopK,8,37,12
peps_names_800.csv,36482,Soundex,ExacteNom,OrdrePositionnel,SelectionAvancee,10,37,2
peps_names_800.csv,36482,Soundex,ExacteNom,MeilleurePaire,TopK,12,37,12
peps_names_800.csv,36482,Soundex,ExacteNom,MeilleurePaire,SelectionAvancee,12,37,6
peps_names_800.csv,36482,Soundex,OrdrePositionnel,MeilleurePaire,TopK,8,37,12
peps_names_800.csv,36482,Soundex,OrdrePositionnel,MeilleurePaire,SelectionAvancee,7,37,30
peps_names_256k.csv,7224842,InvertedIndex,ExacteNom,OrdrePositionnel,TopK,2970,1938,150
peps_names_256k.csv,7224842,InvertedIndex,ExacteNom,OrdrePositionnel,SelectionAvancee,5754,1938,23
peps_names_256k.csv,7224842,InvertedIndex,ExacteNom,MeilleurePaire,TopK,6440,1938,150
peps_names_256k.csv,7224842,InvertedIndex,ExacteNom,MeilleurePaire,SelectionAvancee,6275,1938,29
peps_names_256k.csv,7224842,InvertedIndex,OrdrePositionnel,MeilleurePaire,TopK,6664,1938,150
peps_names_256k.csv,7224842,InvertedIndex,OrdrePositionnel,MeilleurePaire,SelectionAvancee,5971,1938,496
peps_names_256k.csv,7224842,Arbre,ExacteNom,OrdrePositionnel,TopK,114970,7,7
peps_names_256k.csv,7224842,Arbre,ExacteNom,OrdrePositionnel,SelectionAvancee,65353,7,4
peps_names_256k.csv,7224842,Arbre,ExacteNom,MeilleurePaire,TopK,135312,7,7
peps_names_256k.csv,7224842,Arbre,ExacteNom,MeilleurePaire,SelectionAvancee,151199,7,6
peps_names_256k.csv,7224842,Arbre,OrdrePositionnel,MeilleurePaire,TopK,98861,7,7
peps_names_256k.csv,7224842,Arbre,OrdrePositionnel,MeilleurePaire,SelectionAvancee,28425,7,7
peps_names_256k.csv,7224842,LinkedHashSet,ExacteNom,OrdrePositionnel,TopK,1641,1919,150
peps_names_256k.csv,7224842,LinkedHashSet,ExacteNom,OrdrePositionnel,SelectionAvancee,1831,1919,22
peps_names_256k.csv,7224842,LinkedHashSet,ExacteNom,MeilleurePaire,TopK,1765,1919,150
peps_names_256k.csv,7224842,LinkedHashSet,ExacteNom,MeilleurePaire,SelectionAvancee,1638,1919,28
peps_names_256k.csv,7224842,LinkedHashSet,OrdrePositionnel,MeilleurePaire,TopK,3797,1919,150
peps_names_256k.csv,7224842,LinkedHashSet,OrdrePositionnel,MeilleurePaire,SelectionAvancee,4523,1919,491
peps_names_256k.csv,7224842,Soundex,ExacteNom,OrdrePositionnel,TopK,1166,8790,150
peps_names_256k.csv,7224842,Soundex,ExacteNom,OrdrePositionnel,SelectionAvancee,937,8790,24
peps_names_256k.csv,7224842,Soundex,ExacteNom,MeilleurePaire,TopK,1000,8790,150
peps_names_256k.csv,7224842,Soundex,ExacteNom,MeilleurePaire,SelectionAvancee,844,8790,29
peps_names_256k.csv,7224842,Soundex,OrdrePositionnel,MeilleurePaire,TopK,605,8790,150
peps_names_256k.csv,7224842,Soundex,OrdrePositionnel,MeilleurePaire,SelectionAvancee,554,8790,1151
peps_names_16k.csv,473975,InvertedIndex,ExacteNom,OrdrePositionnel,TopK,104,179,60
peps_names_16k.csv,473975,InvertedIndex,ExacteNom,OrdrePositionnel,SelectionAvancee,52,179,104
peps_names_16k.csv,473975,InvertedIndex,ExacteNom,MeilleurePaire,TopK,71,179,60
peps_names_16k.csv,473975,InvertedIndex,ExacteNom,MeilleurePaire,SelectionAvancee,150,179,179
peps_names_16k.csv,473975,InvertedIndex,OrdrePositionnel,MeilleurePaire,TopK,87,179,60
peps_names_16k.csv,473975,InvertedIndex,OrdrePositionnel,MeilleurePaire,SelectionAvancee,113,179,176
peps_names_16k.csv,473975,Arbre,ExacteNom,OrdrePositionnel,TopK,1379,3,3
peps_names_16k.csv,473975,Arbre,ExacteNom,OrdrePositionnel,SelectionAvancee,1610,3,3
peps_names_16k.csv,473975,Arbre,ExacteNom,MeilleurePaire,TopK,1137,3,3
peps_names_16k.csv,473975,Arbre,ExacteNom,MeilleurePaire,SelectionAvancee,1498,3,3
peps_names_16k.csv,473975,Arbre,OrdrePositionnel,MeilleurePaire,TopK,1526,3,3
peps_names_16k.csv,473975,Arbre,OrdrePositionnel,MeilleurePaire,SelectionAvancee,1275,3,3
peps_names_16k.csv,473975,LinkedHashSet,ExacteNom,OrdrePositionnel,TopK,168,179,60
peps_names_16k.csv,473975,LinkedHashSet,ExacteNom,OrdrePositionnel,SelectionAvancee,154,179,104
peps_names_16k.csv,473975,LinkedHashSet,ExacteNom,MeilleurePaire,TopK,231,179,60
peps_names_16k.csv,473975,LinkedHashSet,ExacteNom,MeilleurePaire,SelectionAvancee,126,179,179
peps_names_16k.csv,473975,LinkedHashSet,OrdrePositionnel,MeilleurePaire,TopK,109,179,60
peps_names_16k.csv,473975,LinkedHashSet,OrdrePositionnel,MeilleurePaire,SelectionAvancee,109,179,176
peps_names_16k.csv,473975,Soundex,ExacteNom,OrdrePositionnel,TopK,80,547,60
peps_names_16k.csv,473975,Soundex,ExacteNom,OrdrePositionnel,SelectionAvancee,52,547,104
peps_names_16k.csv,473975,Soundex,ExacteNom,MeilleurePaire,TopK,33,547,60
peps_names_16k.csv,473975,Soundex,ExacteNom,MeilleurePaire,SelectionAvancee,32,547,184
peps_names_16k.csv,473975,Soundex,OrdrePositionnel,MeilleurePaire,TopK,35,547,60
peps_names_16k.csv,473975,Soundex,OrdrePositionnel,MeilleurePaire,SelectionAvancee,58,547,520
peps_names_800.csv,36482,InvertedIndex,ExacteNom,OrdrePositionnel,TopK,2,14,14
peps_names_800.csv,36482,InvertedIndex,ExacteNom,OrdrePositionnel,SelectionAvancee,2,14,0
peps_names_800.csv,36482,InvertedIndex,ExacteNom,MeilleurePaire,TopK,1,14,14
peps_names_800.csv,36482,InvertedIndex,ExacteNom,MeilleurePaire,SelectionAvancee,2,14,0
peps_names_800.csv,36482,InvertedIndex,OrdrePositionnel,MeilleurePaire,TopK,3,14,14
peps_names_800.csv,36482,InvertedIndex,OrdrePositionnel,MeilleurePaire,SelectionAvancee,3,14,2
peps_names_800.csv,36482,Arbre,ExacteNom,OrdrePositionnel,TopK,44,0,0
peps_names_800.csv,36482,Arbre,ExacteNom,OrdrePositionnel,SelectionAvancee,53,0,0
peps_names_800.csv,36482,Arbre,ExacteNom,MeilleurePaire,TopK,41,0,0
peps_names_800.csv,36482,Arbre,ExacteNom,MeilleurePaire,SelectionAvancee,38,0,0
peps_names_800.csv,36482,Arbre,OrdrePositionnel,MeilleurePaire,TopK,44,0,0
peps_names_800.csv,36482,Arbre,OrdrePositionnel,MeilleurePaire,SelectionAvancee,55,0,0
peps_names_800.csv,36482,LinkedHashSet,ExacteNom,OrdrePositionnel,TopK,3,14,14
peps_names_800.csv,36482,LinkedHashSet,ExacteNom,OrdrePositionnel,SelectionAvancee,3,14,0
peps_names_800.csv,36482,LinkedHashSet,ExacteNom,MeilleurePaire,TopK,3,14,14
peps_names_800.csv,36482,LinkedHashSet,ExacteNom,MeilleurePaire,SelectionAvancee,5,14,0
peps_names_800.csv,36482,LinkedHashSet,OrdrePositionnel,MeilleurePaire,TopK,5,14,14
peps_names_800.csv,36482,LinkedHashSet,OrdrePositionnel,MeilleurePaire,SelectionAvancee,3,14,2
peps_names_800.csv,36482,Soundex,ExacteNom,OrdrePositionnel,TopK,4,36,19
peps_names_800.csv,36482,Soundex,ExacteNom,OrdrePositionnel,SelectionAvancee,2,36,0
peps_names_800.csv,36482,Soundex,ExacteNom,MeilleurePaire,TopK,2,36,19
peps_names_800.csv,36482,Soundex,ExacteNom,MeilleurePaire,SelectionAvancee,3,36,0
peps_names_800.csv,36482,Soundex,OrdrePositionnel,MeilleurePaire,TopK,2,36,19
peps_names_800.csv,36482,Soundex,OrdrePositionnel,MeilleurePaire,SelectionAvancee,4,36,3
peps_names_200.csv,9352,InvertedIndex,ExacteNom,OrdrePositionnel,TopK,1,1,1
peps_names_200.csv,9352,InvertedIndex,ExacteNom,OrdrePositionnel,SelectionAvancee,1,1,1
peps_names_200.csv,9352,InvertedIndex,ExacteNom,MeilleurePaire,TopK,1,1,1
peps_names_200.csv,9352,InvertedIndex,ExacteNom,MeilleurePaire,SelectionAvancee,0,1,1
peps_names_200.csv,9352,InvertedIndex,OrdrePositionnel,MeilleurePaire,TopK,0,1,1
peps_names_200.csv,9352,InvertedIndex,OrdrePositionnel,MeilleurePaire,SelectionAvancee,1,1,1
peps_names_200.csv,9352,Arbre,ExacteNom,OrdrePositionnel,TopK,7,0,0
peps_names_200.csv,9352,Arbre,ExacteNom,OrdrePositionnel,SelectionAvancee,7,0,0
peps_names_200.csv,9352,Arbre,ExacteNom,MeilleurePaire,TopK,8,0,0
peps_names_200.csv,9352,Arbre,ExacteNom,MeilleurePaire,SelectionAvancee,8,0,0
peps_names_200.csv,9352,Arbre,OrdrePositionnel,MeilleurePaire,TopK,9,0,0
peps_names_200.csv,9352,Arbre,OrdrePositionnel,MeilleurePaire,SelectionAvancee,8,0,0
peps_names_200.csv,9352,LinkedHashSet,ExacteNom,OrdrePositionnel,TopK,1,1,1
peps_names_200.csv,9352,LinkedHashSet,ExacteNom,OrdrePositionnel,SelectionAvancee,1,1,1
peps_names_200.csv,9352,LinkedHashSet,ExacteNom,MeilleurePaire,TopK,0,1,1
peps_names_200.csv,9352,LinkedHashSet,ExacteNom,MeilleurePaire,SelectionAvancee,1,1,1
peps_names_200.csv,9352,LinkedHashSet,OrdrePositionnel,MeilleurePaire,TopK,0,1,1
peps_names_200.csv,9352,LinkedHashSet,OrdrePositionnel,MeilleurePaire,SelectionAvancee,0,1,1
peps_names_200.csv,9352,Soundex,ExacteNom,OrdrePositionnel,TopK,0,11,11
peps_names_200.csv,9352,Soundex,ExacteNom,OrdrePositionnel,SelectionAvancee,1,11,9
peps_names_200.csv,9352,Soundex,ExacteNom,MeilleurePaire,TopK,1,11,11
peps_names_200.csv,9352,Soundex,ExacteNom,MeilleurePaire,SelectionAvancee,1,11,11
peps_names_200.csv,9352,Soundex,OrdrePositionnel,MeilleurePaire,TopK,0,11,11
peps_names_200.csv,9352,Soundex,OrdrePositionnel,MeilleurePaire,SelectionAvancee,1,11,11
peps_names_400.csv,18784,InvertedIndex,ExacteNom,OrdrePositionnel,TopK,3,4,4
peps_names_400.csv,18784,InvertedIndex,ExacteNom,OrdrePositionnel,SelectionAvancee,2,4,4
peps_names_400.csv,18784,InvertedIndex,ExacteNom,MeilleurePaire,TopK,1,4,4
peps_names_400.csv,18784,InvertedIndex,ExacteNom,MeilleurePaire,SelectionAvancee,1,4,4
peps_names_400.csv,18784,InvertedIndex,OrdrePositionnel,MeilleurePaire,TopK,1,4,4
peps_names_400.csv,18784,InvertedIndex,OrdrePositionnel,MeilleurePaire,SelectionAvancee,1,4,4
peps_names_400.csv,18784,Arbre,ExacteNom,OrdrePositionnel,TopK,18,0,0
peps_names_400.csv,18784,Arbre,ExacteNom,OrdrePositionnel,SelectionAvancee,29,0,0
peps_names_400.csv,18784,Arbre,ExacteNom,MeilleurePaire,TopK,21,0,0
peps_names_400.csv,18784,Arbre,ExacteNom,MeilleurePaire,SelectionAvancee,17,0,0
peps_names_400.csv,18784,Arbre,OrdrePositionnel,MeilleurePaire,TopK,17,0,0
peps_names_400.csv,18784,Arbre,OrdrePositionnel,MeilleurePaire,SelectionAvancee,31,0,0
peps_names_400.csv,18784,LinkedHashSet,ExacteNom,OrdrePositionnel,TopK,3,4,4
peps_names_400.csv,18784,LinkedHashSet,ExacteNom,OrdrePositionnel,SelectionAvancee,8,4,4
peps_names_400.csv,18784,LinkedHashSet,ExacteNom,MeilleurePaire,TopK,7,4,4
peps_names_400.csv,18784,LinkedHashSet,ExacteNom,MeilleurePaire,SelectionAvancee,5,4,4
peps_names_400.csv,18784,LinkedHashSet,OrdrePositionnel,MeilleurePaire,TopK,2,4,4
peps_names_400.csv,18784,LinkedHashSet,OrdrePositionnel,MeilleurePaire,SelectionAvancee,2,4,4
peps_names_400.csv,18784,Soundex,ExacteNom,OrdrePositionnel,TopK,3,20,20
peps_names_400.csv,18784,Soundex,ExacteNom,OrdrePositionnel,SelectionAvancee,2,20,14
peps_names_400.csv,18784,Soundex,ExacteNom,MeilleurePaire,TopK,3,20,20
peps_names_400.csv,18784,Soundex,ExacteNom,MeilleurePaire,SelectionAvancee,1,20,20
peps_names_400.csv,18784,Soundex,OrdrePositionnel,MeilleurePaire,TopK,1,20,20
peps_names_400.csv,18784,Soundex,OrdrePositionnel,MeilleurePaire,SelectionAvancee,1,20,20
peps_names_800.csv,36482,InvertedIndex,ExacteNom,OrdrePositionnel,TopK,2,14,11
peps_names_800.csv,36482,InvertedIndex,ExacteNom,OrdrePositionnel,SelectionAvancee,2,14,14
peps_names_800.csv,36482,InvertedIndex,ExacteNom,MeilleurePaire,TopK,2,14,11
peps_names_800.csv,36482,InvertedIndex,ExacteNom,MeilleurePaire,SelectionAvancee,2,14,14
peps_names_800.csv,36482,InvertedIndex,OrdrePositionnel,MeilleurePaire,TopK,3,14,11
peps_names_800.csv,36482,InvertedIndex,OrdrePositionnel,MeilleurePaire,SelectionAvancee,2,14,14
peps_names_800.csv,36482,Arbre,ExacteNom,OrdrePositionnel,TopK,41,0,0
peps_names_800.csv,36482,Arbre,ExacteNom,OrdrePositionnel,SelectionAvancee,42,0,0
peps_names_800.csv,36482,Arbre,ExacteNom,MeilleurePaire,TopK,141,0,0
peps_names_800.csv,36482,Arbre,ExacteNom,MeilleurePaire,SelectionAvancee,110,0,0
peps_names_800.csv,36482,Arbre,OrdrePositionnel,MeilleurePaire,TopK,88,0,0
peps_names_800.csv,36482,Arbre,OrdrePositionnel,MeilleurePaire,SelectionAvancee,46,0,0
peps_names_800.csv,36482,LinkedHashSet,ExacteNom,OrdrePositionnel,TopK,3,14,11
peps_names_800.csv,36482,LinkedHashSet,ExacteNom,OrdrePositionnel,SelectionAvancee,3,14,14
peps_names_800.csv,36482,LinkedHashSet,ExacteNom,MeilleurePaire,TopK,3,14,11
peps_names_800.csv,36482,LinkedHashSet,ExacteNom,MeilleurePaire,SelectionAvancee,2,14,14
peps_names_800.csv,36482,LinkedHashSet,OrdrePositionnel,MeilleurePaire,TopK,3,14,11
peps_names_800.csv,36482,LinkedHashSet,OrdrePositionnel,MeilleurePaire,SelectionAvancee,3,14,14
peps_names_800.csv,36482,Soundex,ExacteNom,OrdrePositionnel,TopK,2,36,11
peps_names_800.csv,36482,Soundex,ExacteNom,OrdrePositionnel,SelectionAvancee,3,36,17
peps_names_800.csv,36482,Soundex,ExacteNom,MeilleurePaire,TopK,2,36,11
peps_names_800.csv,36482,Soundex,ExacteNom,MeilleurePaire,SelectionAvancee,2,36,33
peps_names_800.csv,36482,Soundex,OrdrePositionnel,MeilleurePaire,TopK,3,36,11
peps_names_800.csv,36482,Soundex,OrdrePositionnel,MeilleurePaire,SelectionAvancee,3,36,36
peps_names_4k.csv,131278,InvertedIndex,ExacteNom,OrdrePositionnel,TopK,12,31,31
peps_names_4k.csv,131278,InvertedIndex,ExacteNom,OrdrePositionnel,SelectionAvancee,9,31,31
peps_names_4k.csv,131278,InvertedIndex,ExacteNom,MeilleurePaire,TopK,15,31,31
peps_names_4k.csv,131278,InvertedIndex,ExacteNom,MeilleurePaire,SelectionAvancee,15,31,31
peps_names_4k.csv,131278,InvertedIndex,OrdrePositionnel,MeilleurePaire,TopK,18,31,31
peps_names_4k.csv,131278,InvertedIndex,OrdrePositionnel,MeilleurePaire,SelectionAvancee,13,31,31
peps_names_4k.csv,131278,Arbre,ExacteNom,OrdrePositionnel,TopK,385,0,0
peps_names_4k.csv,131278,Arbre,ExacteNom,OrdrePositionnel,SelectionAvancee,404,0,0
peps_names_4k.csv,131278,Arbre,ExacteNom,MeilleurePaire,TopK,380,0,0
peps_names_4k.csv,131278,Arbre,ExacteNom,MeilleurePaire,SelectionAvancee,266,0,0
peps_names_4k.csv,131278,Arbre,OrdrePositionnel,MeilleurePaire,TopK,272,0,0
peps_names_4k.csv,131278,Arbre,OrdrePositionnel,MeilleurePaire,SelectionAvancee,282,0,0
peps_names_4k.csv,131278,LinkedHashSet,ExacteNom,OrdrePositionnel,TopK,17,31,31
peps_names_4k.csv,131278,LinkedHashSet,ExacteNom,OrdrePositionnel,SelectionAvancee,23,31,31
peps_names_4k.csv,131278,LinkedHashSet,ExacteNom,MeilleurePaire,TopK,35,31,31
peps_names_4k.csv,131278,LinkedHashSet,ExacteNom,MeilleurePaire,SelectionAvancee,39,31,31
peps_names_4k.csv,131278,LinkedHashSet,OrdrePositionnel,MeilleurePaire,TopK,24,31,31
peps_names_4k.csv,131278,LinkedHashSet,OrdrePositionnel,MeilleurePaire,SelectionAvancee,30,31,31
peps_names_4k.csv,131278,Soundex,ExacteNom,OrdrePositionnel,TopK,28,189,189
peps_names_4k.csv,131278,Soundex,ExacteNom,OrdrePositionnel,SelectionAvancee,27,189,150
peps_names_4k.csv,131278,Soundex,ExacteNom,MeilleurePaire,TopK,24,189,189
peps_names_4k.csv,131278,Soundex,ExacteNom,MeilleurePaire,SelectionAvancee,21,189,188
peps_names_4k.csv,131278,Soundex,OrdrePositionnel,MeilleurePaire,TopK,39,189,189
peps_names_4k.csv,131278,Soundex,OrdrePositionnel,MeilleurePaire,SelectionAvancee,42,189,189
peps_names_4k.csv,131278,InvertedIndex,ExacteNom,OrdrePositionnel,TopK,73,52,27
peps_names_4k.csv,131278,InvertedIndex,ExacteNom,OrdrePositionnel,SelectionAvancee,126,52,31
peps_names_4k.csv,131278,InvertedIndex,ExacteNom,MeilleurePaire,TopK,40,52,27
peps_names_4k.csv,131278,InvertedIndex,ExacteNom,MeilleurePaire,SelectionAvancee,35,52,52
peps_names_4k.csv,131278,InvertedIndex,OrdrePositionnel,MeilleurePaire,TopK,35,52,27
peps_names_4k.csv,131278,InvertedIndex,OrdrePositionnel,MeilleurePaire,SelectionAvancee,34,52,51
peps_names_4k.csv,131278,Arbre,ExacteNom,OrdrePositionnel,TopK,709,1,1
peps_names_4k.csv,131278,Arbre,ExacteNom,OrdrePositionnel,SelectionAvancee,896,1,1
peps_names_4k.csv,131278,Arbre,ExacteNom,MeilleurePaire,TopK,811,1,1
peps_names_4k.csv,131278,Arbre,ExacteNom,MeilleurePaire,SelectionAvancee,1195,1,1
peps_names_4k.csv,131278,Arbre,OrdrePositionnel,MeilleurePaire,TopK,1052,1,1
peps_names_4k.csv,131278,Arbre,OrdrePositionnel,MeilleurePaire,SelectionAvancee,1271,1,1
peps_names_4k.csv,131278,LinkedHashSet,ExacteNom,OrdrePositionnel,TopK,160,52,27
peps_names_4k.csv,131278,LinkedHashSet,ExacteNom,OrdrePositionnel,SelectionAvancee,143,52,31
peps_names_4k.csv,131278,LinkedHashSet,ExacteNom,MeilleurePaire,TopK,55,52,27
peps_names_4k.csv,131278,LinkedHashSet,ExacteNom,MeilleurePaire,SelectionAvancee,128,52,52
peps_names_4k.csv,131278,LinkedHashSet,OrdrePositionnel,MeilleurePaire,TopK,138,52,27
peps_names_4k.csv,131278,LinkedHashSet,OrdrePositionnel,MeilleurePaire,SelectionAvancee,97,52,51
peps_names_4k.csv,131278,Soundex,ExacteNom,OrdrePositionnel,TopK,29,141,30
peps_names_4k.csv,131278,Soundex,ExacteNom,OrdrePositionnel,SelectionAvancee,30,141,31
peps_names_4k.csv,131278,Soundex,ExacteNom,MeilleurePaire,TopK,30,141,30
peps_names_4k.csv,131278,Soundex,ExacteNom,MeilleurePaire,SelectionAvancee,47,141,53
peps_names_4k.csv,131278,Soundex,OrdrePositionnel,MeilleurePaire,TopK,79,141,30
peps_names_4k.csv,131278,Soundex,OrdrePositionnel,MeilleurePaire,SelectionAvancee,46,141,132
peps_names_8k.csv,246594,InvertedIndex,ExacteNom,OrdrePositionnel,TopK,78,63,63
peps_names_8k.csv,246594,InvertedIndex,ExacteNom,OrdrePositionnel,SelectionAvancee,71,63,35
peps_names_8k.csv,246594,InvertedIndex,ExacteNom,MeilleurePaire,TopK,129,63,63
peps_names_8k.csv,246594,InvertedIndex,ExacteNom,MeilleurePaire,SelectionAvancee,135,63,63
peps_names_8k.csv,246594,InvertedIndex,OrdrePositionnel,MeilleurePaire,TopK,68,63,63
peps_names_8k.csv,246594,InvertedIndex,OrdrePositionnel,MeilleurePaire,SelectionAvancee,68,63,63
peps_names_8k.csv,246594,Arbre,ExacteNom,OrdrePositionnel,TopK,2601,0,0
peps_names_8k.csv,246594,Arbre,ExacteNom,OrdrePositionnel,SelectionAvancee,2000,0,0
peps_names_8k.csv,246594,Arbre,ExacteNom,MeilleurePaire,TopK,2866,0,0
peps_names_8k.csv,246594,Arbre,ExacteNom,MeilleurePaire,SelectionAvancee,2754,0,0
peps_names_8k.csv,246594,Arbre,OrdrePositionnel,MeilleurePaire,TopK,1918,0,0
peps_names_8k.csv,246594,Arbre,OrdrePositionnel,MeilleurePaire,SelectionAvancee,2882,0,0
peps_names_8k.csv,246594,LinkedHashSet,ExacteNom,OrdrePositionnel,TopK,243,63,63
peps_names_8k.csv,246594,LinkedHashSet,ExacteNom,OrdrePositionnel,SelectionAvancee,140,63,35
peps_names_8k.csv,246594,LinkedHashSet,ExacteNom,MeilleurePaire,TopK,135,63,63
peps_names_8k.csv,246594,LinkedHashSet,ExacteNom,MeilleurePaire,SelectionAvancee,160,63,63
peps_names_8k.csv,246594,LinkedHashSet,OrdrePositionnel,MeilleurePaire,TopK,196,63,63
peps_names_8k.csv,246594,LinkedHashSet,OrdrePositionnel,MeilleurePaire,SelectionAvancee,239,63,63
peps_names_8k.csv,246594,Soundex,ExacteNom,OrdrePositionnel,TopK,139,328,225
peps_names_8k.csv,246594,Soundex,ExacteNom,OrdrePositionnel,SelectionAvancee,167,328,41
peps_names_8k.csv,246594,Soundex,ExacteNom,MeilleurePaire,TopK,115,328,225
peps_names_8k.csv,246594,Soundex,ExacteNom,MeilleurePaire,SelectionAvancee,120,328,82
peps_names_8k.csv,246594,Soundex,OrdrePositionnel,MeilleurePaire,TopK,120,328,225
peps_names_8k.csv,246594,Soundex,OrdrePositionnel,MeilleurePaire,SelectionAvancee,111,328,318
peps_names_200.csv,9352,InvertedIndex,ExacteNom,OrdrePositionnel,TopK,5,5,5
peps_names_200.csv,9352,InvertedIndex,ExacteNom,OrdrePositionnel,SelectionAvancee,4,5,2
peps_names_200.csv,9352,InvertedIndex,ExacteNom,MeilleurePaire,TopK,6,5,5
peps_names_200.csv,9352,InvertedIndex,ExacteNom,MeilleurePaire,SelectionAvancee,2,5,5
peps_names_200.csv,9352,InvertedIndex,OrdrePositionnel,MeilleurePaire,TopK,2,5,5
peps_names_200.csv,9352,InvertedIndex,OrdrePositionnel,MeilleurePaire,SelectionAvancee,3,5,5
peps_names_200.csv,9352,Arbre,ExacteNom,OrdrePositionnel,TopK,39,0,0
peps_names_200.csv,9352,Arbre,ExacteNom,OrdrePositionnel,SelectionAvancee,43,0,0
peps_names_200.csv,9352,Arbre,ExacteNom,MeilleurePaire,TopK,33,0,0
peps_names_200.csv,9352,Arbre,ExacteNom,MeilleurePaire,SelectionAvancee,80,0,0
peps_names_200.csv,9352,Arbre,OrdrePositionnel,MeilleurePaire,TopK,39,0,0
peps_names_200.csv,9352,Arbre,OrdrePositionnel,MeilleurePaire,SelectionAvancee,29,0,0
peps_names_200.csv,9352,LinkedHashSet,ExacteNom,OrdrePositionnel,TopK,2,5,5
peps_names_200.csv,9352,LinkedHashSet,ExacteNom,OrdrePositionnel,SelectionAvancee,3,5,2
peps_names_200.csv,9352,LinkedHashSet,ExacteNom,MeilleurePaire,TopK,2,5,5
peps_names_200.csv,9352,LinkedHashSet,ExacteNom,MeilleurePaire,SelectionAvancee,4,5,5
peps_names_200.csv,9352,LinkedHashSet,OrdrePositionnel,MeilleurePaire,TopK,4,5,5
peps_names_200.csv,9352,LinkedHashSet,OrdrePositionnel,MeilleurePaire,SelectionAvancee,3,5,5
peps_names_200.csv,9352,Soundex,ExacteNom,OrdrePositionnel,TopK,2,8,8
peps_names_200.csv,9352,Soundex,ExacteNom,OrdrePositionnel,SelectionAvancee,2,8,2
peps_names_200.csv,9352,Soundex,ExacteNom,MeilleurePaire,TopK,1,8,8
peps_names_200.csv,9352,Soundex,ExacteNom,MeilleurePaire,SelectionAvancee,1,8,5
peps_names_200.csv,9352,Soundex,OrdrePositionnel,MeilleurePaire,TopK,4,8,8
peps_names_200.csv,9352,Soundex,OrdrePositionnel,MeilleurePaire,SelectionAvancee,2,8,7
